date,q42_total_cost_yuan,q42_planned_cost_yuan,q42_adjustment_cost_yuan,q42_emergency_cost_yuan,q42_emergency_energy_kwh,q42_minimum_soc_kwh,q43_total_cost_yuan,q43_planned_cost_yuan,q43_adjustment_cost_yuan,q43_emergency_cost_yuan,q43_emergency_energy_kwh,q43_minimum_soc_kwh,pi42_total_cost_yuan,pi42_planned_cost_yuan,pi42_adjustment_cost_yuan,pi42_emergency_cost_yuan,pi42_emergency_energy_kwh,pi42_minimum_soc_kwh,pi43_total_cost_yuan,pi43_planned_cost_yuan,pi43_adjustment_cost_yuan,pi43_emergency_cost_yuan,pi43_emergency_energy_kwh,pi43_minimum_soc_kwh
2025-01-01,232977.43060198182,40890.47157165683,0.0,192086.95903032497,36514.41488333333,1200.0,110322.25952455556,58248.659560538465,25367.540536729037,26706.059427288055,6207.932793217186,1199.9999999999993,231620.95608463825,39533.99705431328,0.0,192086.95903032497,36514.41488333333,1200.0,109402.72124637457,57211.81016015673,25484.851658929776,26706.05942728806,6207.932793217187,1199.999999999998
2025-01-02,111958.31572322431,110793.5500136993,0.0,1164.7657095249988,374.87281666666615,1200.0,90681.71188483606,67686.92982950964,9217.091681080543,13777.690374245869,3363.320556939004,1199.9999999999993,110251.3477005997,109086.5819910747,0.0,1164.7657095249979,374.8728166666659,1200.0,90297.2429957017,67311.25221696786,9208.30040448798,13777.690374245869,3363.320556939004,1200.0
2025-01-03,86371.14068400291,86371.14068400291,0.0,0.0,0.0,1200.0,59613.791991611564,56840.00756130018,-9088.784939500532,11862.569369811912,2103.0649411364743,1200.0,88263.0354095173,88263.0354095173,0.0,0.0,0.0,1200.0,60328.74564263601,57437.65913610455,-8971.48286328045,11862.569369811907,2103.0649411364734,1200.0000000000007
2025-01-04,49604.874199656835,48998.05375088184,0.0,606.8204487750006,170.2078000000003,1200.0,36450.26714621456,32940.579315898605,-2907.227289756584,6416.915120072538,1763.1382855431575,1200.0,49954.47216978312,49347.65172100812,0.0,606.8204487750006,170.2078000000003,1200.0,34290.2474424372,30857.948912289386,-2984.61658992473,6416.915120072538,1763.138285543158,1200.0000000000002
2025-01-05,124725.45556314627,63590.60949156295,0.0,61134.84607158333,12280.657483333332,1200.0,150884.82285200336,35112.96187151364,47884.2969904005,67887.56399008923,14642.462406944442,1200.0000000000002,123588.86466706723,62454.0185954839,0.0,61134.84607158333,12280.657483333332,1200.0,152861.19032375497,37312.22480539954,47661.40152826619,67887.56399008923,14642.462406944444,1200.0000000000002
2025-01-06,110684.96476880324,110662.33379511158,0.0,22.63097369166598,10.363716666666505,1200.0,92348.75808972839,66522.79996171374,10856.944794008356,14969.013334006298,3418.050015315439,1200.0,109487.43671101992,109464.80573732826,0.0,22.63097369166598,10.363716666666505,1200.0,91052.46815592005,64901.77248107607,11181.682340837686,14969.013334006304,3418.05001531544,1200.0000000000005
2025-01-07,108236.35335091554,108184.49776401554,0.0,51.85558690000058,7.187600000000089,1200.0,89767.32427847593,67223.05844872334,12677.469092519934,9866.79673723265,2184.8571291666685,1200.0000000000005,106937.52260461546,106885.66701771546,0.0,51.85558690000058,7.187600000000089,1200.0,87626.89378779361,65002.30161680045,12757.795433760508,9866.796737232646,2184.8571291666676,1199.9999999999998
2025-01-08,107085.643469278,106685.33748524467,0.0,400.30598403333465,74.53541666666706,1200.0,80718.03376891863,76330.45263264792,-2772.8793871276125,7160.460523398315,1686.0880182900898,1200.0000000000002,108838.76191415213,108438.4559301188,0.0,400.30598403333465,74.53541666666706,1200.0,82780.04446282715,78372.17963439321,-2752.5956949643723,7160.460523398316,1686.08801829009,1200.0000000000002
2025-01-09,107285.35514674548,106918.19340975382,0.0,367.16173699166757,149.8513833333335,1200.0,85029.89510344587,72215.8606019899,2195.360759123989,10618.673742331983,2447.661346028194,1200.0,103805.61268648884,103438.45094949717,0.0,367.1617369916678,149.85138333333362,1200.0,84761.67228716394,71970.4275435052,2172.5710013267653,10618.673742331976,2447.6613460281933,1200.000000000001
2025-01-10,83056.75966074632,83056.75966074632,0.0,0.0,0.0,1200.0,57786.10709616526,51440.66254498831,-11330.79337600918,17676.237927186132,4492.091490210734,1200.0000000000005,83583.79738800859,83583.79738800859,0.0,0.0,0.0,1200.0,55252.16582751683,48964.43621775166,-11388.508317420958,17676.237927186132,4492.091490210734,1200.0
2025-01-11,34659.84356734162,33657.462382024954,0.0,1002.381185316666,387.1706166666662,1200.0,28956.880490547668,20675.860072576907,437.1645481195487,7843.855869851213,2062.189631176988,1200.0,36972.0420396363,35968.06463855296,0.0,1003.9774010833332,390.3260999999996,1200.0,30789.19526944334,22484.870095812537,460.4693037795864,7843.855869851213,2062.189631176988,1200.0
2025-01-12,196773.91950873856,45501.40931876356,0.0,151272.510189975,30966.222066666665,1200.0,96091.13121872721,65096.673946398,11739.911743257866,19254.545529071343,4071.5367160082574,1200.0000000000005,189707.10051386227,42871.55634415214,0.0,146835.54416971013,30347.933079012342,1200.0,93945.02182003048,62929.53928190425,11760.937009054882,19254.545529071347,4071.536716008258,1200.0
2025-01-13,106063.5283891071,105494.6507695821,0.0,568.8776195250005,136.96245000000022,1200.0,79594.02480879253,73126.65511298762,-931.1338172174429,7398.50351302235,1668.8630067584386,1200.0,105072.6275892076,104503.7499696826,0.0,568.8776195250005,136.96245000000022,1200.0,79371.37342007089,72911.06482876965,-938.1949217211254,7398.50351302235,1668.8630067584386,1200.0000000000018
2025-01-14,101510.43737537242,101510.43737537242,0.0,0.0,0.0,1200.0,78288.76448438331,70001.33249953057,653.0593554635012,7634.372629389238,1871.8516684053416,1200.000000000001,103091.53607975281,103091.53607975281,0.0,0.0,0.0,1200.0,78810.92219394617,70528.1041809351,648.4453836218338,7634.372629389238,1871.8516684053411,1199.999999999999
2025-01-15,106028.38579188472,106005.42782276805,0.0,22.957969116666572,4.400549999999953,1200.0,85516.58664168927,69610.68799291692,6010.617121739226,9895.281527033118,1970.027917566717,1200.0000000000025,104829.23596716834,104806.27799805166,0.0,22.957969116666572,4.400549999999953,1200.0,84241.39760918621,68330.59230771475,6015.523774438363,9895.281527033107,1970.027917566715,1200.0000000000016
2025-01-16,84823.63262187666,83825.51312119333,0.0,998.1195006833343,241.26943333333338,1200.0,83008.19566726801,68070.76485840027,3812.513326685971,11124.917482181752,2276.906959919492,1200.0000000000014,80934.78869067006,79938.75478583672,0.0,996.0339048333342,240.42948333333356,1200.0,83094.29868772812,68138.13550229839,3831.245703247973,11124.917482181754,2276.9069599194927,1200.0
2025-01-17,63751.363350438594,63751.363350438594,0.0,0.0,0.0,1200.0,28111.90729590886,21736.57822838611,-178.12022850281014,6553.4492960255575,1888.4921779412052,1200.0000000000027,65006.382064154976,65006.382064154976,0.0,0.0,0.0,1200.0,27572.95996589702,21198.988500745,-179.4778308735422,6553.449296025558,1888.492177941205,1200.0000000000027
2025-01-18,33202.11822422197,31797.663349221977,0.0,1404.454874999998,562.3363999999995,1200.0,28754.217125785563,23201.337123181598,-464.2563071043445,6017.136309708309,1708.473907752215,1200.000000000001,34543.5230426924,33139.06816769241,0.0,1404.454874999998,562.3363999999995,1200.0,29105.165535218715,23565.57628024771,-477.5470547373026,6017.13630970831,1708.4739077522152,1200.000000000001
2025-01-19,193451.66372595372,42156.72967641,0.0,151294.93404954372,30092.409720833333,1200.0,82212.21665734553,67864.2582824456,5729.733585257197,8618.224789642727,1742.9541914731285,1199.9999999999998,187393.64858068503,39420.68913711001,0.0,147972.959443575,29584.02766666667,1200.0,80457.97992918102,66038.62196150151,5801.133178036771,8618.224789642727,1742.954191473128,1199.9999999999986
2025-01-20,101650.06182980273,101650.06182980273,0.0,0.0,0.0,1200.0,78820.00094658439,66862.02790608432,2195.8527146792867,9762.120325820779,2201.9837498398456,1200.0000000000002,102798.46854250497,102798.46854250497,0.0,0.0,0.0,1200.0,80177.9567578964,68245.61136089989,2170.225071175742,9762.120325820782,2201.9837498398456,1200.0000000000007
2025-01-21,80007.24268738764,79899.65541614598,0.0,107.58727124166552,21.875966666666272,1200.0,71427.71020412726,65959.64045093708,374.3266784294575,5093.743074760733,1170.6977978988816,1200.0000000000005,80627.36834681568,80519.78107557402,0.0,107.58727124166577,21.875966666666386,1200.0,71469.67449040747,66188.83264443089,187.0987712158542,5093.743074760733,1170.6977978988816,1200.0000000000005
2025-01-22,83938.9108204626,77971.3112261876,0.0,5967.599594274998,1474.7664333333332,1200.0,78608.6820477458,71589.21318855655,139.1696455176614,6880.2992136715875,1556.175560022063,1199.9999999999998,82693.97864877834,76726.37905450334,0.0,5967.599594274998,1474.7664333333332,1200.0,77624.49321438491,70614.37355208345,129.82044862987826,6880.299213671584,1556.1755600220622,1199.9999999999984
2025-01-23,83478.6268214709,82763.99292001256,0.0,714.6339014583397,150.9278500000011,1200.0,82747.35231075351,69379.33990889919,4461.922432230068,8906.089969624254,2054.1510211887635,1200.0,79826.3611361443,79111.72723468597,0.0,714.6339014583392,150.92785000000094,1200.0,81570.30572691774,67912.67500380083,4751.54075349265,8906.089969624252,2054.1510211887626,1200.0000000000016
2025-01-24,61100.40760961543,61100.40760961543,0.0,0.0,0.0,1200.0,25095.138464811436,18046.712138385235,1613.6097060632726,5434.81662036293,1665.350386238163,1200.0,63020.778501818335,63020.778501818335,0.0,0.0,0.0,1200.0,25612.2980228951,18539.234088958838,1638.2473135733323,5434.816620362932,1665.3503862381635,1200.0
2025-01-25,29359.810510975967,28977.37647457597,0.0,382.4340363999997,144.6987999999999,1200.0,25583.046796444396,18858.093754665555,2108.4352147943855,4616.517826984456,1213.5198801313866,1200.0000000000007,29625.656288054997,29243.222251655,0.0,382.4340363999997,144.6987999999999,1200.0,24395.128881447323,17777.93116174683,2000.6798927160382,4616.517826984456,1213.5198801313863,1200.0000000000007
2025-01-26,206971.14625140428,36209.04843571262,0.0,170762.09781569167,34748.3463,1200.0,79205.050356062,73558.98584358726,-831.5215362317665,6477.586048706511,1555.5068523439102,1200.0,203488.31783555896,35384.51984654229,0.0,168103.79798901666,34346.78418333333,1200.0,79410.41099260695,73762.3820748814,-829.5571309809662,6477.586048706512,1555.5068523439104,1200.0
2025-01-27,80910.29587239584,80708.36128958751,0.0,201.93458280833454,74.65200000000027,1200.0,74258.63299944415,62183.48958251933,3596.9902607005824,8478.153156224223,1886.5719642489416,1200.0000000000011,80266.35133090927,80064.41674810094,0.0,201.93458280833454,74.65200000000027,1200.0,74457.19006793595,62022.06311429638,3956.973797415347,8478.153156224222,1886.5719642489416,1200.0000000000014
2025-01-28,76816.058580975,75759.87398755,0.0,1056.1845934249993,191.89646666666658,1200.0,76311.69355301991,66346.42097512323,972.0296227169658,8993.24295517973,1978.8305457932759,1199.9999999999998,77623.04475250568,76761.41831241401,0.0,861.6264400916652,163.26813333333314,1200.0,77410.6915246011,67454.4139095673,963.0346598540751,8993.24295517973,1978.8305457932759,1199.9999999999998
2025-01-29,78972.93357614434,78845.13139045268,0.0,127.80218569166729,51.158966666666856,1200.0,72914.24048617744,61172.11195969804,4179.876068915966,7562.252457563429,1576.0482099138342,1200.0000000000016,76275.05146613653,76147.24928044487,0.0,127.80218569166755,51.15896666666697,1200.0,70874.6360097544,59164.19151744252,4148.192034748437,7562.252457563428,1576.0482099138342,1200.0000000000014
2025-01-30,72278.34394519332,71638.09216415166,0.0,640.2517810416557,95.85749999999825,1200.0,73970.46658128589,61618.7252797057,5191.13218631841,7160.60911526178,1373.2456127403018,1200.0,70568.32830572517,69928.0765246835,0.0,640.2517810416557,95.85749999999825,1200.0,74148.63567260985,61771.49088904039,5216.535668307686,7160.609115261771,1373.2456127402997,1200.0000000000005
2025-01-31,56276.16057205445,56276.16057205445,0.0,0.0,0.0,1200.0,26078.255826196793,17157.932038665844,2098.784309268835,6821.539478262117,1776.0301515971098,1200.0000000000018,58239.291899645,58239.291899645,0.0,0.0,0.0,1200.0,27670.87426066645,18824.726055882315,2024.6087265220165,6821.539478262118,1776.03015159711,1200.0
2025-02-01,26560.830852301908,26476.35744230191,0.0,84.47341000000007,19.241666666666788,1200.0,23198.062092497345,18623.974125325396,3.8677472352373883,4570.220219936712,1211.9073068552748,1200.0000000000011,26216.47290164992,26091.849486649917,0.0,124.62341500000043,26.29666666666685,1200.0,21016.22528491624,16152.053542981037,-121.94537943224553,4986.117121367448,1297.20991014241,1200.0000000000011
2025-02-02,72998.4734030201,72927.37101135345,0.0,71.10239166666608,28.891666666666424,1200.0,65274.13895996477,62053.54054751956,-1936.502949795369,5157.101362240573,1104.1171810410142,1200.0000000000027,69283.68366094833,69212.58126928167,0.0,71.10239166666663,28.89166666666665,1200.0,65824.70251206738,62589.6325214025,-1922.031371575697,5157.101362240577,1104.1171810410146,1200.0
2025-02-03,70062.92420142332,70034.96980000666,0.0,27.954401416667487,6.969083333333515,1200.0,71820.82959155826,64332.91211890574,-2381.5081005867414,9869.425573239252,1981.2254623155854,1200.0000000000014,70052.0792086232,70024.12480720654,0.0,27.954401416667487,6.969083333333515,1200.0,70920.26571953806,63440.52560172632,-2389.6854554274987,9869.425573239245,1981.2254623155845,1200.000000000001
2025-02-04,72567.32411244961,72345.79859662462,0.0,221.52551582499993,99.87078333333329,1200.0,74208.092582071,67903.39825969792,-3154.1442107045127,9458.838533077598,1990.3026370118832,1200.0000000000005,70344.61430196831,70123.08878614331,0.0,221.52551582500018,99.8707833333334,1200.0,72334.04556777641,66026.31513108368,-3151.108096384876,9458.838533077602,1990.3026370118837,1200.000000000002
2025-02-05,67450.93560143333,66764.03291661666,0.0,686.902684816665,123.8258333333331,1200.0,71104.91890986844,62340.6010981545,271.22892750844187,8493.088884205512,1644.1192049869676,1200.0000000000007,68043.84833450295,67372.36138631128,0.0,671.486948191664,121.23908333333293,1200.0,71692.58165298255,63120.98898822857,78.50378054846783,8493.088884205508,1644.1192049869671,1200.0
2025-02-06,68752.52735376365,68333.00953248865,0.0,419.51782127499996,118.22384999999986,1200.0,72253.12030304359,67173.02123206697,-3635.903113493091,8716.002184469717,1844.7307559232627,1199.9999999999998,66111.49345253667,65691.97563126167,0.0,419.5178212749987,118.22384999999952,1200.0,72903.19527254478,67783.09397585888,-3595.9008877838223,8716.002184469713,1844.7307559232622,1200.0
2025-02-07,23038.06260299222,22828.63954874222,0.0,209.42305425000077,39.85848333333348,1200.0,24022.22074847153,19297.16640446113,-1086.1867094607992,5811.241053471196,1444.3065565561737,1200.0,22545.46638075718,22341.419024840514,0.0,204.04735591666636,38.872116666666614,1200.0,22006.135899177974,16931.922463886393,-1159.2637745359368,6233.47720982752,1547.4456845730347,1200.0
2025-02-08,18707.610463794263,18432.02126089426,0.0,275.5892029000036,70.3585833333338,1200.0,19859.632417356603,12805.092146631945,944.0816075340375,6110.45866319062,1767.9386611246023,1200.0,22567.501768312784,22301.801542079447,0.0,265.70022623333836,68.00025000000079,1200.0,21564.345193663376,14679.028650727909,944.8531962293418,5940.463346706125,1682.6430274787492,1200.0
2025-02-09,66362.626434685,64090.20035251,0.0,2272.426082174996,577.781499999999,1200.0,66888.64989047311,60794.97524301971,1138.6227641513537,4955.051883302052,1135.4179745776553,1200.0000000000005,63179.96497741486,60874.035185656525,0.0,2305.929791758331,582.4076666666659,1200.0,66081.4519677957,60004.78383095133,1121.6162535422982,4955.051883302074,1135.4179745776596,1200.000000000001
2025-02-10,64151.53636192088,63707.81619902088,0.0,443.7201629000009,142.83466666666698,1200.0,64001.965325268415,56370.00622109561,37.31030517275015,7594.648799000054,1927.5586435408097,1200.0000000000005,63769.44202824388,63439.72352666888,0.0,329.7185015750006,116.56688333333352,1200.0,62720.06340941252,55136.768541081634,-11.35393066916991,7594.648799000054,1927.5586435408095,1200.0000000000002
2025-02-11,63544.190234419446,62900.59848768611,0.0,643.591746733335,118.55690000000038,1200.0,63681.817038199166,55117.935140631445,-1797.5938017179124,10361.475699285631,2177.1420112658598,1199.9999999999998,63044.60164997679,62504.72437995178,0.0,539.8772700250024,102.54216666666719,1200.0,65123.83396038297,56407.840744584246,-1645.4824834868978,10361.47569928563,2177.1420112658598,1199.9999999999998
2025-02-12,64829.830792083194,64621.18118930819,0.0,208.6496027750013,53.74093333333349,1200.0,67958.33741557368,57675.75023522854,-2027.7891321351947,12310.37631248034,2581.0093795912867,1200.0,64009.309102216655,63800.65949944165,0.0,208.6496027750013,53.74093333333349,1200.0,65661.87443955045,55378.23128530738,-2026.73315823728,12310.376312480348,2581.009379591288,1200.000000000001
2025-02-13,63446.48645568667,62772.676585595,0.0,673.8098700916638,155.91948333333278,1200.0,61171.90783397256,52312.745565093916,197.08585717352696,8662.076411705115,1911.9362340832688,1199.9999999999995,60298.23723783715,59728.56679804549,0.0,569.670439791665,139.73871666666628,1200.0,60465.20405427062,51586.077420803114,217.05022176239615,8662.076411705115,1911.9362340832686,1200.0
2025-02-14,20004.429389951663,19118.699249734997,0.0,885.7301402166675,389.1598833333338,1200.0,19073.778565500586,13396.025097866863,553.0174496824021,5124.736017951323,1588.8032379697881,1199.9999999999982,22164.88162316685,21279.151482950183,0.0,885.730140216667,389.15988333333354,1200.0,20446.819081530142,14417.633448855002,552.9335390658979,5476.252093609241,1668.8088363207657,1200.0
2025-02-15,20596.538572441663,19605.417099241666,0.0,991.1214731999983,436.94349999999906,1200.0,23741.71387653911,15854.57505243046,637.5738425126881,7249.564981595961,2349.989868962245,1200.0,20883.812965896668,19944.345426613338,0.0,939.4675392833319,411.80569999999926,1200.0,22157.85153610348,14264.958656680832,643.3991884024284,7249.49369102022,2348.1631682833395,1200.0
2025-02-16,63144.28949931241,62388.05623492907,0.0,756.2332643833336,215.61036666666712,1200.0,69684.03224680913,57849.96727496899,-2521.1801948506773,14355.245166690813,3177.9282253403253,1199.9999999999998,60918.58219995166,60162.34893556833,0.0,756.2332643833329,215.61036666666678,1200.0,69415.25995096493,57578.5680320541,-2518.5532477799866,14355.245166690813,3177.9282253403253,1199.9999999999995
2025-02-17,57256.23436642832,56756.12583256165,0.0,500.10853386666827,115.98188333333337,1200.0,63053.48830887618,55720.508924771944,-3135.208756649757,10468.188140753991,2376.2826311704493,1200.0,56660.279355670114,56182.81972848678,0.0,477.45962718333493,112.49690000000032,1200.0,63974.27877789394,56688.40428155525,-3182.3136444153033,10468.188140753995,2376.28263117045,1200.0
2025-02-18,58638.54541959877,58133.2332676821,0.0,505.3121519166665,141.54368333333332,1200.0,60426.70898299469,49784.51696359944,2730.9918240373777,7911.200195357873,1801.0868797859243,1200.0000000000002,58276.10378109293,57759.58591750959,0.0,516.5178635833341,142.96701666666684,1200.0,58395.560890178225,47779.827683985684,2704.5330108346593,7911.200195357879,1801.0868797859264,1200.0000000000002
2025-02-19,57923.6902099471,57117.40903401376,0.0,806.281175933333,296.9205333333332,1200.0,60416.941262996086,48980.72413028129,1328.3448280094117,10107.872304705388,2571.5175144916293,1199.9999999999998,57936.58287209985,57130.30169616651,0.0,806.2811759333324,296.92053333333297,1200.0,60213.64784139658,48784.666174069614,1321.1093626215822,10107.87230470539,2571.5175144916298,1200.000000000001
2025-02-20,58269.226099638574,55128.48838975524,0.0,3140.7377098833317,764.3614166666663,1200.0,62118.564329441855,52243.852341253325,-222.49598183624047,10097.207970024767,2181.326097461754,1200.0000000000014,55443.17464405125,52577.21537690959,0.0,2865.959267141663,712.5243499999991,1200.0,62587.07569434453,52712.18862099404,-222.32089667428534,10097.207970024774,2181.326097461756,1200.0000000000005
2025-02-21,18445.64845537333,18016.49551432333,0.0,429.15294105000004,148.80273333333344,1200.0,19321.310387063742,14404.637819271913,341.9274797350546,4574.745088056774,1535.645056209989,1200.0,19317.644872856665,18888.491931806664,0.0,429.15294104999975,148.80273333333326,1200.0,17596.15612252407,12731.559326134444,343.2791432542541,4521.317653135372,1496.3890423074154,1200.0
2025-02-22,18540.082090883334,17788.690131341667,0.0,751.3919595416677,236.24511666666717,1200.0,20397.571807077038,14056.666104674165,197.24787486910105,6143.657827533774,1803.4686238691274,1200.0,21104.66078250722,20330.570471298888,0.0,774.0903112083338,247.54345000000023,1200.0,20816.27142071849,14509.682909575029,197.38483783899295,6109.20367330447,1796.4437216937704,1200.0
2025-02-23,58732.774757992964,57509.03731564296,0.0,1223.7374423499996,368.8343833333331,1200.0,61586.88125917017,51711.22269888798,-749.560329147155,10625.218889429347,2533.637357800224,1199.9999999999995,55672.35969367334,54448.62225132334,0.0,1223.7374423499991,368.8343833333329,1200.0,60847.07324559457,50994.475919063276,-772.621562898048,10625.21888942934,2533.637357800222,1200.0
2025-02-24,55224.51035434791,54459.05655907291,0.0,765.453795275002,181.0435333333337,1200.0,58070.487755687325,49868.37158649188,323.95697940973616,7878.159189785714,1609.797779817756,1199.9999999999995,53829.61440325722,53176.138160482216,0.0,653.4762427750004,157.8285333333332,1200.0,56605.82708333678,48388.37890484606,339.2889887050062,7878.159189785712,1609.7977798177558,1200.0000000000005
2025-02-25,53086.835941202706,52446.11686851937,0.0,640.7190726833337,182.02471666666668,1200.0,56234.074800596005,48853.07735634515,-1773.969640030008,9154.967084280865,2088.26675315381,1200.000000000002,53537.05890699796,52896.339834314625,0.0,640.7190726833344,182.024716666667,1200.0,57006.580955851285,49754.09866494176,-1902.4847933713409,9154.967084280863,2088.266753153809,1200.000000000001
2025-02-26,54900.30503942497,54403.688615533305,0.0,496.61642389166536,130.68621666666638,1200.0,56162.531444565626,45238.80941713037,2905.9739327638995,8017.74809467136,1820.6195991185286,1200.0000000000005,55009.37239148339,54526.58940259172,0.0,482.78298889166535,128.5228833333332,1200.0,56140.65745260792,45204.2190159983,2918.690341938261,8017.748094671362,1820.619599118529,1199.9999999999986
2025-02-27,54860.44907052833,53276.084242878336,0.0,1584.364827649998,320.8595166666664,1200.0,55743.68100671394,46424.01228573895,966.0471154693458,8353.621605505643,1777.4194582140892,1200.0000000000002,50588.448516853336,49206.08531824501,0.0,1382.3631986083294,287.81864999999937,1200.0,54365.2857583781,45047.584566297155,964.0795865753017,8353.621605505643,1777.419458214089,1199.9999999999993
2025-02-28,16923.147363093332,16531.780237401665,0.0,391.36712569166696,130.33951666666673,1200.0,18654.532135479847,12240.918005847221,124.07325366893123,6289.540875963694,1834.6647661884645,1199.9999999999964,18307.52674679333,17939.395635476663,0.0,368.131111316667,118.63076666666666,1200.0,18748.8930024164,12249.670751228889,123.75560535944416,6375.466645828069,1863.9909675073845,1200.0
2025-03-01,18195.366310663332,17213.405297013334,0.0,981.9610136499996,325.9043666666666,1200.0,20398.488887230236,14836.094150289326,-160.62353161198212,5723.018268552892,1504.3614347256043,1200.0000000000002,19774.88718738901,18810.93874165568,0.0,963.9484457333324,316.86644999999965,1200.0,18291.99421571202,13183.18903973513,-147.44287216862227,5256.24804814551,1411.265544741346,1199.9999999999993
2025-03-02,64360.4798371317,53356.66461684838,0.0,11003.815220283323,2222.828499999998,1200.0,61827.17102900706,53541.67224548703,216.77372112971742,8068.725062390311,1642.7373547513407,1200.0,61965.66584560751,51053.11365474085,0.0,10912.552190866656,2206.115849999998,1200.0,62273.290678739104,54216.22952250912,-11.663906160329816,8068.725062390311,1642.7373547513407,1200.000000000001
2025-03-03,64083.45136895947,51086.1343358928,0.0,12997.317033066669,2766.5550666666677,1200.0,63946.706532483346,55028.24194865555,-1396.2337794542427,10314.698363282036,2335.9925485364993,1200.0000000000005,63509.8697878229,51067.952551306225,0.0,12441.917236516672,2673.000233333335,1200.0,63744.94616023782,54719.94077196778,-1289.692975011991,10314.698363282032,2335.9925485364984,1200.0000000000018
2025-03-04,59000.4518598851,48534.28094746843,0.0,10466.17091241667,2689.6006666666676,1200.0,58161.02235373455,47479.87079699551,401.86309514243646,10279.288461596612,2492.6185444789726,1199.9999999999995,57804.52758290173,48001.52113316006,0.0,9803.006449741668,2561.4174833333336,1200.0,58177.489055477985,47485.33903210561,412.86156177577055,10279.28846159661,2492.618544478972,1199.9999999999995
2025-03-05,52267.995423726745,50785.790076393416,0.0,1482.20534733333,324.75098333333256,1200.0,58406.11281128217,49662.811748518245,-2122.1850554371513,10865.48611820107,2502.697033194155,1199.999999999999,51798.92018194124,50720.65709551624,0.0,1078.263086424999,243.74748333333298,1200.0,57099.60715287473,48314.764538940944,-2080.643504267292,10865.48611820107,2502.6970331941557,1199.999999999999
2025-03-06,52836.88507794663,50385.88401227996,0.0,2451.0010656666727,817.7764333333353,1200.0,52892.18277866507,46427.02417627888,773.2180072959559,5691.94059509024,1481.6011207880279,1199.9999999999995,50072.41360401985,47579.53701306984,0.0,2492.8765909500044,825.5264166666683,1200.0,52377.16272969085,45904.98385210216,780.2382824984473,5691.940595090241,1481.6011207880279,1200.0
2025-03-07,16479.796022395,16029.661379844998,0.0,450.1346425499997,187.67671666666644,1200.0,19382.28817001707,12894.872133729443,12.229249800741798,6475.1867864868855,2094.8782253557692,1200.0000000000007,18479.83642834284,18103.75902801784,0.0,376.0774003249985,161.48536666666593,1200.0,19547.52920027388,13041.622346322129,30.72006746486352,6475.1867864868855,2094.8782253557692,1200.0000000000005
2025-03-08,16227.633169631667,15736.659056565,0.0,490.97411306666663,177.55818333333337,1200.0,16141.346724066647,11274.209031296523,203.8921471046055,4663.24554566552,1531.0026800599176,1199.9999999999993,18269.403387847655,17787.27683740599,0.0,482.12655044166627,173.09309999999988,1200.0,16365.8202679381,11585.578417267221,116.99630500530213,4663.245545665575,1531.0026800599555,1200.0000000000005
2025-03-09,53265.6672150872,52660.352476062195,0.0,605.3147390250024,181.49706666666737,1200.0,57221.56408337172,47359.96292848534,-634.7442286220257,10496.345383508398,2545.8381353839777,1200.0,50862.66715549667,50285.505159446664,0.0,577.1619960500007,177.57996666666673,1200.0,56537.881878735905,46461.14438461952,-419.60788939201126,10496.345383508398,2545.8381353839777,1200.0
2025-03-10,56324.70223372097,54091.738592329304,0.0,2232.963641391666,722.8001333333335,1200.0,56255.37808498487,45392.84192428965,2866.1974462131802,7996.338714482046,2068.5954637142995,1200.0000000000005,54507.37352983,52239.59748923834,0.0,2267.776040591665,728.4321499999999,1200.0,54383.20167504386,44192.91472733999,2193.9482332218313,7996.338714482046,2068.5954637142986,1200.0000000000018
2025-03-11,52321.39203397794,51123.174296061276,0.0,1198.2177379166653,338.7963833333332,1200.0,55359.32892068988,39630.156567186,7432.404672308476,8296.767681195399,1912.1863573598139,1200.0000000000005,52090.44603823952,50939.47094252285,0.0,1150.9750957166655,329.94890000000015,1200.0,55012.09424955098,39261.41041712932,7453.916151226256,8296.767681195399,1912.1863573598139,1200.0000000000011
2025-03-12,48452.052257723764,46913.14638179877,0.0,1538.9058759249997,434.65421666666634,1200.0,51547.25708180001,44130.73055786904,388.3244862372154,7028.202037693747,1888.356387797262,1200.0000000000007,48015.484614870016,46491.95573962835,0.0,1523.528875241666,431.43569999999954,1200.0,51332.751060157185,43651.20660733366,653.342415129771,7028.202037693747,1888.3563877972622,1200.0000000000011
2025-03-13,56648.78726397433,48075.629739799326,0.0,8573.157524175003,1940.446366666668,1200.0,55844.843365966444,45989.49195842662,584.8036015477459,9270.54780599208,1974.8710292516853,1200.0000000000014,54433.20695607001,46409.62514342001,0.0,8023.581812650002,1835.8052333333342,1200.0,54576.1496908369,44920.134594747055,385.4672900977588,9270.547805992082,1974.8710292516862,1200.000000000001
2025-03-14,13897.319592692142,13368.605456192141,0.0,528.7141364999999,209.0598999999998,1200.0,15684.812671726651,10989.373371613889,1015.132373840377,3680.3069262723857,1261.1793640701208,1200.0000000000002,15084.19354685953,14666.560190534528,0.0,417.63335632500014,167.15816666666666,1200.0,15160.742086962404,10608.872996599865,1013.8368051427461,3538.032285219794,1182.575020974739,1199.9999999999977
2025-03-15,15027.792216697098,13609.599053155434,0.0,1418.193163541664,518.1754999999991,1200.0,15553.678228035213,11183.305306573613,771.566507146317,3598.8064143152815,1102.8043763715161,1200.0,16621.06789490473,15504.729581446401,0.0,1116.338313458328,398.90104999999824,1200.0,16475.51601930422,12043.009592427788,772.2255939194548,3660.280832956979,1119.1981227445244,1200.0000000000005
2025-03-16,50957.43858785339,46836.90775766171,0.0,4120.530830191673,1139.773533333335,1200.0,52351.75615566086,44497.852263566805,1959.0358754093108,5894.86801668475,1501.2340924606342,1199.9999999999998,47388.54287220942,42790.05088618442,0.0,4598.491986025005,1248.8777000000014,1200.0,50387.57128563593,42530.6457859852,1962.0574829659836,5894.86801668475,1501.2340924606337,1199.9999999999998
2025-03-17,47746.928614895915,47051.82137042924,0.0,695.1072444666682,158.2341500000002,1200.0,51327.192929072364,38053.65434770305,950.8430743872966,12322.69550698202,2908.405932682198,1199.9999999999995,47996.542260630325,47354.173455205324,0.0,642.3688054250023,148.23723333333362,1200.0,51408.339852911886,38044.59267904767,1041.051666882194,12322.69550698202,2908.405932682198,1200.0
2025-03-18,49237.34757701301,46242.64884212134,0.0,2994.698734891668,681.9621833333339,1200.0,51079.99000867346,45889.97685533354,-2287.083602016126,7477.096755356058,1714.2174833016074,1200.0000000000002,48381.92456373433,45398.44224571766,0.0,2983.482318016666,680.2089333333332,1200.0,50393.208126694626,45165.58305703466,-2249.471685696091,7477.096755356058,1714.217483301608,1200.0000000000002
2025-03-19,44913.30825681524,42897.94818014024,0.0,2015.3600766749962,404.4412499999991,1200.0,47924.181201075306,35379.570907945345,4750.586193552478,7794.024099577481,2053.242873460974,1200.0,46540.353828176165,44636.0268236345,0.0,1904.3270045416646,383.0004499999996,1200.0,49022.46071632288,36511.627209914455,4716.809406830947,7794.024099577484,2053.242873460974,1200.0
2025-03-20,49580.78616556167,48199.82324140334,0.0,1380.9629241583316,336.19951666666634,1200.0,57894.95049162292,43234.15453290859,792.3125796001384,13868.483379114186,3395.273732810856,1200.0,47170.81351313814,45789.85058897981,0.0,1380.9629241583311,336.1995166666662,1200.0,57659.09893263409,42775.97288689183,1014.6426666280765,13868.483379114186,3395.273732810856,1200.0
2025-03-21,14029.520179619072,13328.947535144074,0.0,700.5726444749986,315.98921666666644,1200.0,16053.777976327847,10566.979053768333,323.6277163040173,5163.171206255496,1698.8761023100733,1199.999999999999,14317.92603666371,13667.666914313704,0.0,650.2591223500062,299.4555333333343,1200.0,15476.8561541302,9993.825614551664,319.85933332303983,5163.171206255496,1698.8761023100735,1199.999999999999
2025-03-22,13991.734904864506,13706.787200122842,0.0,284.947704741664,137.69083333333245,1200.0,14979.116034094968,12403.513178291667,94.82889617969028,2480.773959623612,998.1762136297477,1199.9999999999968,16016.878393035002,15717.512936243334,0.0,299.36545679166693,139.70231666666683,1200.0,13865.495106902541,11326.830364556667,94.24903455928981,2444.4157077865834,988.4702449806796,1199.9999999999998
2025-03-23,48058.41919629883,45063.89370002384,0.0,2994.5254962749987,715.1084999999999,1200.0,48518.99705672143,43437.651621703524,-1796.3632030431504,6877.7086380610535,1490.8877020504192,1200.0000000000007,44564.74789933789,41870.40065884622,0.0,2694.3472404916656,655.0434333333333,1200.0,48246.74810660216,43175.12229424858,-1806.0828257074752,6877.7086380610535,1490.8877020504192,1200.0000000000007
2025-03-24,46309.01301647401,40922.04111218234,0.0,5386.971904291669,1224.4784833333338,1200.0,46020.26792995254,39406.1856730947,77.79768397043215,6536.284572887408,1790.8258279545842,1200.0000000000005,45976.354268886826,40979.23929031182,0.0,4997.114978575003,1153.291833333334,1200.0,46083.020240202124,39481.76652778626,64.96913952845607,6536.284572887408,1790.825827954584,1200.0000000000005
2025-03-25,47459.31511232711,44573.5581464521,0.0,2885.7569658750076,805.8061166666685,1200.0,53444.02162386103,45497.04188076416,-767.3760924438432,8714.355835540719,2311.098564636349,1199.9999999999998,44604.84785831642,41943.50616193308,0.0,2661.341696383338,762.6783833333343,1200.0,50467.65491607266,42511.915842820716,-758.6167622887702,8714.355835540715,2311.098564636348,1199.9999999999998
2025-03-26,41193.21627579221,40632.60449060888,0.0,560.6117851833367,183.4262500000005,1200.0,42101.66188443519,36478.66376286855,-154.28043767426945,5777.278559240916,1546.0907412657261,1199.9999999999998,43785.54016240868,43281.779566725345,0.0,503.76059568333574,175.3294333333335,1200.0,45598.8656766813,39648.19229326693,173.39482417344917,5777.278559240918,1546.0907412657266,1199.9999999999998
2025-03-27,44117.31443410501,43346.476889088335,0.0,770.8375450166686,309.56850000000054,1200.0,51679.817374098886,41171.66433265462,-942.2450302664574,11450.398071710726,2865.6851356388424,1200.0000000000005,41565.99547804841,40860.28657658174,0.0,705.7089014666685,292.46750000000054,1200.0,49230.16320503954,38673.82333894077,-894.0582056119541,11450.398071710726,2865.685135638843,1200.0
2025-03-28,13570.521749698024,12712.903091406359,0.0,857.6186582916655,291.28593333333293,1200.0,13700.200093300304,10437.480638162777,-32.537201580582604,3295.25665671811,1025.5031066851548,1199.9999999999993,14218.575475266663,13363.644144266666,0.0,854.9313309999986,289.9930166666663,1200.0,14462.753051864696,11096.673377167801,-32.60648620155652,3398.6861608984527,1057.6954699558669,1200.0000000000007
2025-03-29,12669.866128946169,12287.028523704503,0.0,382.837605241666,138.29576666666657,1200.0,14419.802367861965,10546.977652902775,529.0931038693956,3343.7316110897928,1039.8315196347053,1200.0000000000002,14953.921615994996,14591.298326519996,0.0,362.6232894749993,134.17806666666644,1200.0,14423.434045153066,10496.064048204164,529.073927621733,3398.29606932717,1056.262458130261,1199.9999999999968
2025-03-30,45197.517309395706,41290.983681187376,0.0,3906.533628208331,860.5387166666661,1200.0,49139.23857395893,39361.326549312114,-1995.7315379982742,11773.64356264509,3029.5651963761647,1199.9999999999998,42537.246989601656,38775.86439369332,0.0,3761.3825959083297,832.2602833333324,1200.0,48726.83061713095,38974.80624417241,-2021.6191896865505,11773.643562645088,3029.5651963761647,1199.9999999999998
2025-03-31,44264.33907745278,41052.87846541111,0.0,3211.460612041672,808.6478333333349,1200.0,48896.31048193731,34253.30391314642,5770.780911758725,8872.225657032173,2248.8070971617253,1200.0000000000007,42637.224319765366,39525.4754761737,0.0,3111.748843591669,785.6178666666673,1200.0,47077.80640509361,32461.241471159236,5744.339276902196,8872.225657032173,2248.807097161725,1199.9999999999986
2025-04-01,49481.40963725568,39888.3012483465,0.0,9593.108388909186,2902.5567584339706,1200.0,47693.2654046995,42232.08611100925,-273.5712276009307,5734.75052129118,1578.613031087764,1200.000000000001,50566.01100723681,41014.311967669295,0.0,9551.699039567517,2900.6919917673026,1200.0,48434.712408991654,42955.38658751564,-255.42469981516427,5734.75052129118,1578.613031087764,1200.0000000000018
2025-04-02,59627.28484203109,38071.81701012185,0.0,21555.46783190924,5419.8052278694395,1200.0,48229.60636316056,40898.477099723954,962.2149091195631,6368.914354317041,1621.6457271733955,1200.0000000000027,58719.54197367927,36257.52254217799,0.0,22462.01943150128,5644.484750892333,1200.0,47653.27017892296,40249.467424219234,1034.8884003866942,6368.914354317039,1621.6457271733955,1200.0000000000018
2025-04-03,42028.51774812788,38734.95064822856,0.0,3293.5670998993264,859.7670479141896,1200.0,44876.41231809344,41446.65983327863,-1499.3808038954623,4929.133288710271,1326.60324149361,1200.000000000001,39775.42213777335,36587.02835868227,0.0,3188.3937790910763,837.0577652800102,1200.0,42611.20476752266,39203.639079264176,-1521.5676004517852,4929.133288710271,1326.6032414936103,1200.000000000001
2025-04-04,12795.211071076832,12194.048579713015,0.0,601.162491363817,270.72312161854876,1200.0,13474.678663805153,9505.710016869167,320.99787686726734,3647.9707700687172,1209.6660763735067,1200.0000000000002,14025.372441641572,13404.984037777755,0.0,620.3884038638171,282.75812161854884,1200.0,14177.875638305743,10211.439489084827,318.46537915219824,3647.9707700687172,1209.6660763735067,1199.9999999999998
2025-04-05,13748.747875731851,13628.637695175212,0.0,120.11018055663973,43.068800902942485,1200.0,19517.548472411676,10308.465271595276,668.733167935583,8540.350032880815,2887.584558601909,1200.0,14699.450303958189,14618.287862466459,0.0,81.16244149173019,22.943159966955363,1200.0,18832.936859898626,9613.10748577027,679.4793412475416,8540.350032880815,2887.5845586019104,1200.0
2025-04-06,42647.224414542936,38809.51144289145,0.0,3837.7129716514837,997.0679935140906,1200.0,45221.684418596466,39293.218627684684,545.4513519871946,5383.014438924583,1392.2459104671868,1200.0000000000014,39382.772938253926,35563.018048676226,0.0,3819.7548895777,995.1292861354702,1200.0,44657.03619795702,38743.52904042368,530.49271860876,5383.014438924583,1392.245910467187,1200.0000000000005
2025-04-07,39561.7764475687,37621.03070802234,0.0,1940.7457395463566,589.0985864680047,1200.0,42610.00614366058,31825.2770759827,2709.9628022692013,8074.76626540868,2116.0658750193406,1200.0000000000018,39963.80695192363,37999.37488602912,0.0,1964.4320658945107,592.8984059112773,1200.0,42416.29624771852,31636.1539963622,2705.3759859476363,8074.766265408682,2116.065875019341,1200.000000000002
2025-04-08,47118.60112346757,38766.07049218272,0.0,8352.530631284848,1726.9710238030598,1200.0,45738.84676528829,38378.977089682776,-1228.9352589878254,8588.804934593338,1959.5849654053782,1200.0000000000007,46530.5075368457,38590.33392638088,0.0,7940.173610464815,1629.5520964295567,1200.0,46161.09076254983,38812.22203038722,-1239.9362024307234,8588.80493459334,1959.5849654053786,1199.9999999999998
2025-04-09,47751.27592274335,41404.17660901333,0.0,6347.099313730016,1548.1590135692322,1200.0,46446.05898758722,38415.15827639774,1018.0024134408628,7012.898297748618,1739.436391226297,1200.0,45560.77366138348,39494.665528733414,0.0,6066.108132650067,1493.655879687514,1200.0,43937.292236713474,35903.61392887695,1020.7800100879102,7012.898297748615,1739.4363912262966,1200.0000000000036
2025-04-10,39473.61731534074,35891.41814094742,0.0,3582.1991743933277,799.2001037128078,1200.0,43990.99979100752,35708.157496874774,-276.2747372997763,8559.117031432523,1965.3200273845569,1200.0000000000005,40202.451308731164,36624.675972931276,0.0,3577.7753357998904,798.4107034931726,1200.0,44416.9018690962,36106.62830612824,-248.84346846456197,8559.117031432519,1965.3200273845562,1200.0000000000005
2025-04-11,13655.798650122668,12633.90420229691,0.0,1021.8944478257577,395.1832234395571,1200.0,16878.19541461475,9697.363531373332,503.3374123624325,6677.494470878985,2174.7153129100743,1199.9999999999945,13053.05202185813,12032.372492315706,0.0,1020.6795295424242,393.50284010622374,1200.0,17591.46859942669,10413.376542488611,500.59758605909764,6677.494470878984,2174.7153129100743,1200.0
2025-04-12,14557.56731035397,14087.041596755162,0.0,470.5257135988078,317.5624429548859,1200.0,13798.549116786497,10553.07732237361,-98.80928449376334,3344.28107890665,1194.4073664843054,1200.0000000000002,15202.58887038419,15045.653099380408,0.0,156.93577100378192,96.64243549303501,1200.0,11798.440839666506,8634.737444048613,-98.29908987190555,3262.002485489799,1151.6014856963259,1200.0
2025-04-13,41865.844012378955,39269.90859932435,0.0,2595.9354130546067,575.1273630660933,1200.0,45879.414037694885,35831.412525292624,1215.9416536818899,8832.059858720371,2178.1255016069153,1200.0000000000011,39735.60437898356,37137.897527859786,0.0,2597.706851123774,575.5820442953457,1200.0,46523.64307401432,36464.71096272236,1226.8722525715848,8832.059858720371,2178.1255016069144,1200.0000000000005
2025-04-14,40476.72293915795,36833.024222076456,0.0,3643.698717081498,878.8864238562072,1200.0,47366.27120739398,35573.05648107056,-952.9454711289027,12746.160197452313,3301.5773677459515,1200.0000000000005,39749.863761727385,36415.22308706418,0.0,3334.640674663203,808.9685297753268,1200.0,47167.67103681318,35349.22676975218,-927.7159303913049,12746.160197452307,3301.57736774595,1200.0000000000014
2025-04-15,39250.42536176994,36947.387074920014,0.0,2303.038286849928,537.3819615418588,1200.0,41308.307149294735,31463.156417474387,2657.7818859699346,7187.368845850411,1701.113847193034,1200.0000000000023,39997.418852841845,38206.48902129504,0.0,1790.9298315468077,423.13903699108613,1200.0,41501.82870239548,31662.107099097688,2652.3527574473765,7187.368845850417,1701.1138471930353,1200.0000000000005
2025-04-16,40397.578710971444,39490.5236271919,0.0,907.0550837795479,227.75304969204086,1200.0,45722.33666178952,35217.71016894834,1999.3446066318193,8505.281886209366,2178.3608461942385,1200.0000000000014,38820.52727780601,38020.436575625106,0.0,800.0907021809048,210.6227236653586,1200.0,44490.31573684863,33981.76714591912,2003.266704720134,8505.281886209377,2178.3608461942404,1200.0000000000005
2025-04-17,36745.970523934484,34898.59589517253,0.0,1847.3746287619517,598.2898132603225,1200.0,43002.380961197545,31620.783895490604,2872.688507145572,8508.908558561368,2025.2352273807683,1199.9999999999998,36110.63402028932,34256.47702031768,0.0,1854.1569999716398,586.8869930515775,1200.0,42782.21378421925,31436.653436234737,2836.6517894231524,8508.908558561365,2025.2352273807678,1199.9999999999998
2025-04-18,12692.221588024071,11999.795937267743,0.0,692.4256507563284,293.27299338411444,1200.0,16398.001956084758,9808.264611984167,136.41507965261377,6453.322264447977,2188.108194928661,1200.0,13773.907928426397,13095.753849888075,0.0,678.1540785383215,279.59371126813403,1200.0,16925.810860825226,10339.454105097833,133.03449127941536,6453.322264447977,2188.108194928661,1200.0
2025-04-19,13414.216193247797,13398.431787714315,0.0,15.784405533483197,5.374329429173713,1200.0,14105.269245322916,8669.472497086681,612.6522990426301,4823.144449193604,1523.8474892054933,1200.0000000000005,14606.360507742827,14606.360507742827,0.0,0.0,0.0,1200.0,14086.121179571528,8643.656380219742,619.3203501581838,4823.144449193603,1523.8474892054933,1200.0000000000005
2025-04-20,41557.67112264615,39876.63899729533,0.0,1681.0321253508162,389.4302542930017,1200.0,44987.3392329751,35265.21114991073,1385.0840102256875,8337.04407283869,2274.3660085595793,1200.0000000000002,36456.38489391165,34785.32082168583,0.0,1671.0640722258167,387.4240042930018,1200.0,41923.406744660984,32201.6412015812,1384.7214702410888,8337.044072838697,2274.3660085595807,1200.0000000000002
2025-04-21,36563.48678729154,35245.513898503224,0.0,1317.9728887883175,355.23527792875586,1200.0,42309.84603690558,33075.24943318941,-484.00008774311846,9718.59669145929,2680.666155192354,1199.9999999999995,37844.39792200534,36638.07206511702,0.0,1206.3258568883177,331.09537792875597,1200.0,42881.49896619067,33582.57645869753,-419.6741839661403,9718.596691459286,2680.666155192353,1199.999999999999
2025-04-22,45492.24623472884,32993.36760265508,0.0,12498.878632073756,3806.8665604322423,1200.0,44566.171743899315,31652.769733341014,3551.3484130372226,9362.05359752108,2590.0965332740716,1200.0,43875.97221486873,31463.1002744339,0.0,12412.871940434832,3773.108969950452,1200.0,42967.280662730336,30189.041095141696,3416.1859700675564,9362.05359752108,2590.096533274071,1200.0000000000002
2025-04-23,39199.83982306268,38358.266137770814,0.0,841.5736852918649,215.18808369892474,1200.0,41562.68876958866,30347.974709612572,4193.87249417988,7020.841565796211,1839.7661780902529,1200.0000000000002,39701.20706600371,38859.63338071185,0.0,841.5736852918649,215.18808369892474,1200.0,42764.31999153738,31624.63841834801,4118.840007393155,7020.841565796213,1839.7661780902533,1199.9999999999993
2025-04-24,34922.62799841924,33950.758058327636,0.0,971.8699400916025,230.78000608403397,1200.0,39927.6726463125,30270.60458828492,2286.454132428764,7370.613925598818,2156.2929656806878,1200.0,33733.63333462037,32955.02394096386,0.0,778.6093936565098,196.325569159898,1200.0,39451.82656982382,29702.22158260167,2285.6501592720697,7463.95482795008,2177.2207267668714,1202.7328744604154
2025-04-25,12126.089376830805,11903.204787897663,0.0,222.8845889331418,121.18877141899094,1200.0,12929.471250540022,9128.92780397111,237.60060406761062,3562.9428425013016,1332.913605672117,1200.0,12131.45328158684,11978.527518120729,0.0,152.92576346611077,84.85857698711249,1200.0,12839.314067556239,9064.9388981588,237.13312392947114,3537.242045467968,1301.3207390054504,1200.0
2025-04-26,12719.403552105374,12437.702437494085,0.0,281.70111461128914,97.19186396242205,1200.0,14556.69878681003,8973.392674848265,304.84887816266,5278.457233799105,1707.802949843168,1200.0,13367.231005155427,13093.511122463316,0.0,273.7198826921102,92.81378830735954,1200.0,13349.570991476938,7773.864058553707,297.2496991241261,5278.457233799105,1707.8029498431683,1200.0
2025-04-27,39997.83708318112,32498.977625196843,0.0,7498.859457984273,1734.0487735605475,1200.0,42808.836792890594,30789.749847148887,3071.6321022378797,8947.454843503829,2120.2666062840876,1199.9999999999998,38654.97761998083,31450.25988528548,0.0,7204.717734695355,1676.4246847255085,1200.0,42591.987745000995,30616.53422367764,3027.99867781952,8947.454843503827,2120.266606284087,1199.9999999999998
2025-04-28,56996.189783150156,32419.57701164254,0.0,24576.612771507618,6507.6766891402785,1200.0,42974.566244502035,35907.96630781,1972.727379218369,5093.872557473669,1186.3352204713185,1200.0000000000014,56831.82022745728,31117.163300984696,0.0,25714.656926472584,6724.880983714187,1200.0,42374.737034368736,35416.42196633019,1864.4425105648756,5093.872557473669,1186.3352204713185,1200.000000000001
2025-04-29,40167.987695762495,37031.96998996838,0.0,3136.0177057941187,747.2496214544348,1200.0,37819.68267898922,30288.008316453528,1626.1239958550075,5905.550366680685,1322.7960397390077,1200.0000000000005,40666.998619687976,37530.98091389386,0.0,3136.0177057941187,747.2496214544348,1200.0,37417.24643096357,29333.218868953827,2178.4771953290565,5905.550366680687,1322.796039739008,1200.0
2025-04-30,38849.005578241966,34739.38962663032,0.0,4109.615951611642,1068.937431712172,1200.0,43290.82665260958,29441.119896169443,531.3099123842752,13318.39684405586,3666.4534206004437,1199.9999999999995,37679.38893050857,33673.95058625071,0.0,4005.4383442578614,1040.1181717609475,1200.0,43320.24071583232,29474.909059440357,526.9348123361066,13318.396844055858,3666.4534206004446,1200.0000000000005
2025-05-01,47110.178208516954,32774.92885781708,0.0,14335.249350699876,3234.1458975276205,1200.0,52385.777837628135,30716.37063897358,3461.362857039138,18208.04434161542,4258.2211633434645,1199.999999999999,46335.97925889469,32077.092580861736,0.0,14258.886678032955,3199.134000615216,1200.0,51642.53395478465,30050.692593311105,3383.797019858124,18208.04434161542,4258.221163343464,1199.9999999999993
2025-05-02,21146.646801369698,11419.771297848798,0.0,9726.8755035209,2831.845328068206,1200.0,21741.207599115613,10357.42107131,470.154808684793,10913.63171912082,3121.367403583633,1200.0000000000007,20774.739806478283,11240.947857363357,0.0,9533.791949114928,2708.790594767491,1200.0,21854.604936583,10593.514862529444,443.89654306793864,10817.193530985618,3093.607418513052,1199.9999999999993
2025-05-03,18428.82788599794,11714.7388290805,0.0,6714.08905691744,1802.7267197600224,1200.0,19642.678690559624,9073.839185463054,1055.9679330668814,9512.871572029688,2561.0033388456895,1200.0,20294.14419975525,13828.96571527934,0.0,6465.178484475909,1617.1443832343816,1200.0,20058.339464472934,9504.843787790276,1040.6241046529694,9512.871572029688,2561.0033388456895,1200.0
2025-05-04,50384.49418415495,37754.02565399294,0.0,12630.468530162012,3583.5840591658034,1200.0,57236.79820746422,34840.39605917254,592.2845103336033,21804.11763795808,5634.865005162592,1200.0000000000018,45439.71114938162,32759.822037643396,0.0,12679.889111738219,3597.97177448812,1200.0,54792.25002787192,32337.21019130519,1004.5099368227072,21450.529899744022,5542.502978724644,1200.0
2025-05-05,51150.49359281932,39095.79711847814,0.0,12054.69647434118,2687.5828670327846,1200.0,51297.76609712918,34245.07061610029,1465.641814369613,15587.05366665927,3606.890300416394,1200.000000000001,51983.166446896175,40035.145550684094,0.0,11948.020896212081,2669.6427131667783,1200.0,51793.95409138317,34712.88189600768,1494.0185287162078,15587.053666659278,3606.8903004163953,1200.0000000000005
2025-05-06,51728.683423784736,36732.859786417685,0.0,14995.823637367048,3340.7288053840603,1200.0,52335.639602798794,30158.73422341577,6355.347045321887,15821.558334061134,3878.8344694444504,1200.0000000000002,50641.069688342155,35849.350777023385,0.0,14791.718911318772,3301.176000157491,1200.0,50739.444099231696,28646.352589697373,6271.533175473192,15821.558334061132,3878.8344694444495,1200.0000000000002
2025-05-07,58909.741428982335,36587.49275249803,0.0,22322.248676484305,4772.212680520739,1200.0,52022.998901119034,32994.120649680895,6280.630116217297,12748.248135220843,2911.28225277778,1200.0000000000002,57147.13450390678,35769.01367438556,0.0,21378.120829521224,4586.308276004821,1200.0,52593.208731404244,33671.43911365296,6173.5214825304465,12748.248135220845,2911.2822527777803,1200.0000000000002
2025-05-08,46047.769373674346,36552.18485701435,0.0,9495.584516659996,2663.1343703033663,1200.0,46158.65072697423,35713.92345196029,1451.1971741722928,8993.530100841639,2149.2652082342156,1200.0000000000002,46646.58706821797,36807.92237367035,0.0,9838.664694547613,2725.696443570162,1200.0,45682.83126310217,35234.88594696437,1454.4152152961524,8993.53010084164,2149.265208234216,1199.9999999999998
2025-05-09,14871.822594924542,14133.552340329257,0.0,738.2702545952855,273.88611714887077,1200.0,17008.748765628112,10723.220786121412,744.9343658246008,5540.593613682098,1701.6941665470295,1200.0,15233.854215876901,14495.583961281616,0.0,738.2702545952853,273.8861171488707,1200.0,17175.28131322728,10892.262997730439,742.4247018147393,5540.593613682098,1701.6941665470295,1200.0
2025-05-10,14457.070370547004,13183.297571592826,0.0,1273.7727989541772,450.59798638267273,1200.0,20852.234378038505,10733.668235309167,281.5069002769296,9837.059242452407,2961.777907529483,1200.0,16710.78553128805,15518.665875236653,0.0,1192.1196560513947,418.54448180104856,1200.0,20189.975166714146,10074.736641838064,282.39293398658106,9832.845590889501,2954.9871717311044,1200.0
2025-05-11,47734.28049673585,39240.27438839419,0.0,8494.006108341662,1945.6290806206953,1200.0,49381.74717551601,36686.03920633035,2087.3975749009464,10608.310394284708,2689.946827777774,1200.0000000000007,43122.66381610421,35332.477977685514,0.0,7790.185838418691,1803.3535390836869,1200.0,48793.67315826817,36102.317977602215,2083.0447863812437,10608.310394284708,2689.946827777774,1200.0000000000002
2025-05-12,45456.23330973568,41628.92035390304,0.0,3827.312955832641,1320.2987890787708,1200.0,46053.30554591169,31309.800247070347,5400.172463556627,9343.332835284713,2363.112052777776,1200.0000000000011,43895.510329314915,40092.04633299894,0.0,3803.4639963159734,1313.2657724121036,1200.0,45404.45407768218,30906.078638076437,5304.138017825993,9194.237421779751,2307.155808264736,1200.0
2025-05-13,42628.141357924396,39072.6197781404,0.0,3555.521579783999,1175.4963450262767,1200.0,50724.67154236948,37087.98800928859,1194.5939503364473,12442.08958274444,2759.0281777777764,1200.0000000000005,42487.69069251946,38975.69122612933,0.0,3511.999466390128,1159.7712256676207,1200.0,49243.90599319439,35921.79825894212,1194.854818132831,12127.252916119442,2695.17326111111,1199.9999999999966
2025-05-14,42345.98597516566,41660.08374212886,0.0,685.9022330368025,315.4795870432481,1200.0,45581.317498635755,36860.98057818762,2084.217390531474,6636.119529916666,1601.1902249999994,1200.0000000000005,40674.36236050691,39986.1762274701,0.0,688.1861330368039,316.3622537099154,1200.0,43545.94199364728,34873.57751667047,2014.4369917101483,6657.9274852666595,1606.5215916666648,1199.9999999999986
2025-05-15,42067.07496885222,37964.90467920091,0.0,4102.17028965131,979.4130763035187,1200.0,45391.109047656806,33462.937029368884,2586.1961981865243,9341.975820101394,2288.7041305555567,1200.0000000000002,43184.71608366587,39095.47231346456,0.0,4089.2437702013103,974.3764429701853,1200.0,46823.52877051597,34890.92487276179,2590.62807765279,9341.975820101394,2288.7041305555567,1200.0000000000002
2025-05-16,14183.277274261285,12934.011252233648,0.0,1249.266022027637,549.162102635662,1200.0,18018.803277483734,10681.895316054168,-183.4698992204298,7520.377860649998,2468.1122277777777,1199.9999999999989,13971.4598267517,12764.807713015729,0.0,1206.65211373597,534.9740193023285,1200.0,17929.33743487735,10592.705735843749,-183.7461616163954,7520.377860649996,2468.112227777776,1199.9999999999986
2025-05-17,14006.153596732787,12647.39122298645,0.0,1358.762373746337,560.5118526441825,1200.0,17387.451121507595,10115.831267296424,418.5704463903356,6853.049407820836,2076.3629027777793,1200.0,17130.708426050824,15904.187073374926,0.0,1226.521352675898,470.6299570904223,1200.0,17826.898050398704,10559.90330525211,413.94533732576434,6853.049407820831,2076.362902777778,1200.0
2025-05-18,43990.41737913105,41173.598349971624,0.0,2816.8190291594265,879.947232061406,1200.0,44088.874021409334,38758.29244952115,254.34329474790684,5076.238277140277,1464.4654527777775,1200.0000000000014,39856.93012790201,37166.36315050091,0.0,2690.5669774010944,835.3019987280732,1200.0,43377.969636361464,38029.19618283131,272.5351763898865,5076.238277140267,1464.4654527777757,1200.0
2025-05-19,42489.77027752228,38545.540234659806,0.0,3944.230042862472,808.249363996828,1200.0,41732.03188675503,33550.38645660509,1025.7167639287231,7155.928666221217,1695.0062232424284,1199.9999999999986,40854.09084051665,37524.51598826281,0.0,3329.5748522538424,673.1312732712946,1200.0,39875.44215755326,31685.27266244404,730.1330974503246,7460.036397658892,1766.960765418501,1200.0000000000005
2025-05-20,43066.678630383554,38683.74976626929,0.0,4382.928864114266,1089.8019698460619,1200.0,46136.56334167457,32043.252533187282,3835.343127111764,10257.967681375521,2489.0912654820722,1200.000000000002,43603.74704398858,39277.75157093574,0.0,4325.995473052841,1076.8486965251234,1200.0,46854.23920905184,32862.45730239099,3733.8142252853263,10257.967681375518,2489.0912654820713,1199.9999999999984
2025-05-21,45528.97566882808,40922.34423080261,0.0,4606.631438025473,1217.1507282764032,1200.0,45287.93264963123,32466.203442432936,5280.675081357748,7541.054125840546,1926.4090177885562,1200.0,42399.927295559064,37856.62698506385,0.0,4543.300310495213,1207.4105747629746,1200.0,43573.69889416756,30778.23543823511,5254.409330091905,7541.054125840545,1926.4090177885564,1200.0000000000007
2025-05-22,38110.42719302529,36327.42936565472,0.0,1782.9978273705624,379.1385023065534,1200.0,43031.6449279666,31449.78612861342,1010.3647256141118,10571.49407373906,2507.526672216104,1200.0000000000005,39554.58264981812,37792.38157668089,0.0,1762.2010731372284,375.9575689732199,1200.0,44099.35278522201,32566.04150192052,961.8172095624308,10571.494073739059,2507.526672216103,1200.0000000000005
2025-05-23,12894.222928338646,11857.829530114117,0.0,1036.3933982245285,371.4085537048869,1200.0,14949.41710199328,9776.198598715278,744.8004589812858,4428.418044296716,1302.4818249449536,1200.0,13746.73734321775,12687.355455246714,0.0,1059.381887971036,407.97886665618006,1200.0,15581.677877197668,10409.000538440654,744.2592944602959,4428.418044296716,1302.4818249449536,1200.0
2025-05-24,13678.332795748169,13069.94827017875,0.0,608.3845255694202,216.07100376544582,1200.0,14673.05741823863,10974.477770111942,-87.81317916735168,3786.39282729404,1166.573949527776,1200.0,16125.882472667656,15530.310535631568,0.0,595.5719370360869,209.4784704321125,1200.0,14239.224602234495,10541.812661590884,-88.98088665042857,3786.3928272940393,1166.5739495277758,1200.0
2025-05-25,42782.73932788941,40270.43426499544,0.0,2512.305062893968,584.4124720197768,1200.0,44216.725991581116,34889.95116285506,922.1868636188976,8404.587965107157,1976.527584702004,1200.0,38437.33421961758,36015.58946854048,0.0,2421.7447510771003,557.1448102551913,1200.0,42180.03748645027,32958.79357048604,991.2022046602234,8230.041711304004,1922.1988900350698,1200.0
2025-05-26,48401.983153577436,37011.389601867486,0.0,11390.593551709948,3549.3847087406393,1200.0,46537.95404316636,31913.77515851563,6481.3323519006635,8142.846532750067,2061.367633811995,1199.9999999999998,45759.33646148896,34853.445929148555,0.0,10905.890532340407,3422.9578491757425,1200.0,45841.934826540855,31532.213638858557,6166.874654932229,8142.846532750068,2061.3676338119953,1199.9999999999998
2025-05-27,38590.827879611155,37687.3936811398,0.0,903.434198471351,259.7712196742192,1200.0,43396.828565289325,30191.365277014484,4909.8574481888645,8295.60584008598,2022.949831638077,1199.999999999997,39619.66981259323,38737.71859165521,0.0,881.9512209380171,251.44550300755225,1200.0,43361.50391144864,30274.161747276194,4791.73632408646,8295.605840085991,2022.9498316380789,1199.9999999999995
2025-05-28,43706.22935675708,38871.61825452371,0.0,4834.61110223337,1465.5811825221285,1200.0,41350.20334757229,35606.87625922848,1380.4284005837953,4362.898687760016,1272.1850543685937,1199.9999999999998,42857.5241688355,37529.32868130658,0.0,5328.195487528925,1585.9762921667295,1200.0,40217.91047655268,34508.53349963139,1346.4782891612704,4362.8986877600155,1272.1850543685935,1200.000000000003
2025-05-29,42667.954449991434,36475.65344385867,0.0,6192.301006132768,1392.0118442839469,1200.0,46952.49754013481,32729.016648385812,4916.129773094524,9307.351118654477,2368.90821281711,1200.0000000000014,43152.287452553675,36392.63039308693,0.0,6759.657059466745,1509.6994488809814,1200.0,48182.926771473,34171.61222262072,4703.963430197799,9307.351118654478,2368.9082128171103,1199.9999999999995
2025-05-30,13465.444518911645,11879.529299555474,0.0,1585.9152193561713,517.6622571535536,1200.0,15030.813628181771,10277.055264081386,554.5758734799821,4199.182490620403,1482.447142575355,1200.0,13595.604144941082,12036.517435684911,0.0,1559.0867092561712,504.5736571535535,1200.0,13904.442076034713,9159.692828373885,545.566757040425,4199.182490620403,1482.447142575355,1199.999999999999
2025-05-31,13657.216507039338,11569.179438906172,0.0,2088.037068133165,693.8915257829813,1200.0,15232.163451654906,11122.0737490809,-52.112011991486156,4162.201714565491,1394.7997424392265,1200.0000000000002,16550.358331411968,14477.512898153293,0.0,2072.8454332586753,689.911114310434,1200.0,15863.155206249707,11753.409758969443,-52.45626728522751,4162.201714565492,1394.7997424392263,1199.999999999999
2025-06-01,108015.15703907757,40690.569183056956,0.0,67324.58785602062,15664.502907332128,1200.0,81703.22885167653,49218.229232812286,2181.0181355571267,30303.981483307114,7408.205472418982,1199.9999999999989,102004.03607236825,34666.224547587466,0.0,67337.81152478079,15659.705877020242,1200.0,77979.85535105783,45985.248558556144,1690.6253091945714,30303.981483307114,7408.205472418981,1200.0000000000011
2025-06-02,89087.05574926657,43350.2647087479,0.0,45736.79104051867,9927.25352729559,1200.0,74536.92180621493,48076.3157768652,2866.044883309675,23594.561146040058,6070.387045809036,1200.0000000000002,88339.49498783232,43055.403208580254,0.0,45284.09177925206,9838.151049704267,1200.0,73979.64086721589,47624.60588379163,2760.473837384203,23594.561146040054,6070.387045809035,1200.0
2025-06-03,88113.93561840428,39899.338117628155,0.0,48214.59750077613,11264.264337268392,1200.0,71235.78352835971,42662.98393148162,10760.838250678074,17811.96134620001,4758.93231388889,1200.0000000000002,87985.69335367845,39681.37430620384,0.0,48304.3190474746,11272.35498219603,1200.0,71302.9713943913,42775.37821989998,10715.631828291309,17811.961346200005,4758.93231388889,1200.0000000000002
2025-06-04,90537.92051803946,41840.95766808276,0.0,48696.96284995671,11050.026657357374,1200.0,74315.11116708843,50638.93704580194,4304.270159125392,19371.903962161094,5258.224297828564,1200.0000000000002,89388.86112724821,40904.05329509445,0.0,48484.807832153754,10949.502759285719,1200.0,73007.76664269289,49521.875382660415,4113.98729787138,19371.903962161094,5258.224297828565,1200.0000000000002
2025-06-05,89370.80939856521,43246.11363694146,0.0,46124.69576162375,10852.581237736456,1200.0,72757.17438515392,43273.36354710388,9582.004072462529,19901.806765587506,5281.305241666669,1200.0000000000002,89271.7481961914,43189.190201496225,0.0,46082.55799469518,10846.840121270481,1200.0,72146.83171960636,42776.90705238271,9468.117901636133,19901.806765587506,5281.305241666669,1200.0000000000002
2025-06-06,44582.96244791454,13304.543051753086,0.0,31278.419396161455,9888.27969597743,1200.0,38859.30604942828,12795.970788838335,5971.276158866343,20092.059101723604,6509.269072222221,1199.9999999999989,42478.066598376536,13413.663657481757,0.0,29064.402940894775,8950.907296397672,1200.0,39183.729197513545,13110.298760300802,5975.621524228028,20097.808912984714,6516.479966666666,1200.0
2025-06-07,39971.78251253808,13353.999293143217,0.0,26617.783219394856,8234.24892442123,1200.0,34542.26233451106,13479.556868475589,7366.944873493805,13695.760592541672,4681.296061111112,1200.0,42296.9354142637,16081.648235733996,0.0,26215.28717852971,7636.77218072677,1200.0,34674.09050251241,13259.066455888544,7725.809812696083,13689.214233927785,4679.193488888891,1200.0
2025-06-08,58973.98536744656,56868.449127102635,0.0,2105.5362403439317,565.0551924335651,1200.0,59064.539306453175,47988.430736110386,3156.302583321717,7919.805987021073,1994.7962020136047,1200.0,55005.15637415519,52866.6922235964,0.0,2138.464150558787,571.8478108586477,1200.0,58120.492015448224,47085.691171573344,3114.994856853802,7919.8059870210745,1994.7962020136051,1200.0
2025-06-09,62706.920035689145,55894.77909113256,0.0,6812.140944556587,1923.1435782867666,1200.0,64069.29790532205,55212.8164858236,-1829.4905061001052,10685.971925598556,2486.6361924566577,1200.0000000000002,62623.11456819429,55909.10361530437,0.0,6714.010952889921,1894.0852449534336,1200.0,64269.218615072714,55423.58257931682,-1840.3358898426618,10685.971925598555,2486.636192456657,1200.0000000000002
2025-06-10,61589.93357211459,54761.34304700702,0.0,6828.5905251075665,1842.3219504687222,1200.0,63639.91897177791,49795.51574670494,2030.652197407464,11813.751027665498,2955.0542813156558,1200.0000000000011,60457.07627483575,53632.273851265214,0.0,6824.802423570536,1841.7178357191756,1200.0,62735.966523426134,48897.55104170104,2024.6644540596026,11813.751027665496,2955.0542813156553,1200.0000000000002
2025-06-11,71574.60538896816,55098.05493180918,0.0,16476.550457158977,3281.8648151267676,1200.0,66859.76922321576,54528.33442544469,3760.8510454567163,8570.583752314345,1843.4854404236203,1200.0000000000011,71354.49102278423,55640.22146246735,0.0,15714.26956031689,3144.1775803687297,1200.0,67089.33886591406,54761.63068289522,3757.1244307045004,8570.583752314345,1843.4854404236198,1200.0000000000002
2025-06-12,61048.97533055697,56601.95750757875,0.0,4447.017822978218,944.0347752750545,1200.0,63714.66438146542,52785.05126023456,-420.177570985593,11349.790692216455,2379.449788417863,1200.0000000000002,60421.673593126536,56187.15453698998,0.0,4234.51905613655,904.3653586083877,1200.0,63633.62316971134,52705.66574562129,-421.8332681264053,11349.790692216451,2379.449788417862,1200.0000000000002
2025-06-13,24047.679659149217,22405.87202610736,0.0,1641.8076330418553,405.8133520875238,1200.0,23673.443932175876,17422.985516701767,2217.589317786804,4032.869097687306,1162.2587398760375,1199.9999999999995,23054.855148848546,21413.04751580669,0.0,1641.8076330418553,405.81335208752364,1200.0,22739.547049969635,16457.19101492861,2249.4869373537194,4032.8690976873067,1162.2587398760372,1200.0
2025-06-14,22766.717730111526,21747.77305272012,0.0,1018.9446773914057,306.6099605106638,1200.0,25639.91188540899,17349.0723501765,-267.033471021472,8557.873006253963,2689.6307395572053,1200.0,25299.264751353727,24280.32007396232,0.0,1018.9446773914054,306.6099605106637,1200.0,25698.514343936233,17459.267734858866,-271.9133261879564,8511.159935265325,2665.5020871870447,1200.0
2025-06-15,67964.08938354976,52944.65419932634,0.0,15019.435184223417,3092.590631609783,1200.0,61127.2388875308,49132.895173914,4530.078865534919,7464.264848081884,1587.3791634544195,1199.9999999999998,64028.31839622673,49477.10400898232,0.0,14551.214387244408,2978.1519695918705,1200.0,60677.05526357,48564.62237783581,4648.168037652305,7464.264848081885,1587.37916345442,1199.9999999999993
2025-06-16,63417.26922878294,57960.35124243057,0.0,5456.917986352369,1196.554860983414,1200.0,63960.26322238849,51938.111722347305,2653.0535689370718,9369.097931104108,2198.1287973549906,1200.000000000001,62311.71916955786,57063.61022841066,0.0,5248.108941147196,1156.9332633812187,1200.0,63092.90503715472,51123.544422068015,2600.262683982585,9369.097931104121,2198.128797354992,1200.0000000000005
2025-06-17,67508.43944157641,57374.23539617458,0.0,10134.204045401824,1911.534159442653,1200.0,68047.25677860861,52022.33256605021,4163.639808906373,11861.28440365203,2555.0112019514936,1200.0000000000002,66231.49518550216,57651.045605880776,0.0,8580.449579621385,1624.2713857999738,1200.0,68215.69585102364,51937.81987093635,4416.59157643526,11861.284403652035,2555.0112019514945,1200.0000000000002
2025-06-18,62554.15893526537,61823.186073818375,0.0,730.9728614469898,206.3042801827139,1200.0,62926.79806163324,52944.22393699971,3289.741766409503,6692.8323582240255,1542.7497475896441,1200.0000000000002,61853.65468040132,61122.68181895433,0.0,730.9728614469898,206.3042801827139,1200.0,62308.83803006682,52247.86815392827,3368.1375179145252,6692.832358224026,1542.7497475896444,1200.0000000000002
2025-06-19,60855.293614400965,58533.17393348887,0.0,2322.119680912094,600.4772636078574,1200.0,63671.4868222821,49035.65549769577,3299.4364724159,11336.39485217043,2859.1645201051497,1200.0000000000002,59451.5101049738,57168.766396778374,0.0,2282.7437081954276,591.0635302745242,1200.0,63384.58886393391,48727.93976466939,3320.254247094086,11336.394852170428,2859.1645201051488,1200.0000000000002
2025-06-20,20232.75380911604,19635.710059353056,0.0,597.0437497629832,213.194451976675,1200.0,21298.510823583765,16114.306671593466,-389.43446763064935,5573.638619620949,1773.4265198825535,1200.0,20659.042588085034,20069.040103003666,0.0,590.0024850813687,210.38127963933272,1200.0,21125.72484451857,15940.579670792844,-392.5539018727505,5577.699075598477,1776.232640115823,1199.9999999999993
2025-06-21,20454.564443555297,19938.270808571964,0.0,516.2936349833343,196.5216500000004,1200.0,19433.155785040348,16667.96887089302,308.33554177751085,2456.8513723698215,823.9470059590794,1200.0,23374.81356236273,22880.63247571273,0.0,494.1810866500011,186.90331666666708,1200.0,19250.746932311766,16487.10666087371,306.78889906823673,2456.851372369821,823.9470059590794,1199.9999999999993
2025-06-22,58867.569902575895,57587.41052758423,0.0,1280.1593749916683,383.5171500000007,1200.0,62107.021352402415,46994.28669488644,3755.64433218147,11357.090325334506,2637.153496125636,1200.0,53766.227124738456,52748.38813861346,0.0,1017.8389861249996,329.4924166666668,1200.0,60952.85089565358,45908.29278213468,3687.467788184392,11357.090325334511,2637.1534961256384,1200.0
2025-06-23,58901.68827724415,57788.58364896722,0.0,1113.1046282769291,358.10125494518,1200.0,59177.50765934792,48803.09802054519,1084.555100563651,9289.854538239077,2161.1021829960987,1200.0000000000016,57949.400006973556,56994.60941369663,0.0,954.790593276927,327.86625494517955,1200.0,58255.43598934851,47970.47649741724,995.1049536921846,9289.85453823908,2161.1021829960996,1199.9999999999998
2025-06-24,70809.49581408018,60782.92031152168,0.0,10026.575502558491,2049.336234186734,1200.0,66479.30277507327,57527.20390769333,367.158158481456,8584.940708898486,2117.083916733532,1199.9999999999993,70007.01614845326,60482.03843904143,0.0,9524.977709411833,1958.6131255526604,1200.0,66389.9021780469,57432.784014239056,372.17745490935874,8584.940708898486,2117.0839167335325,1200.0000000000002
2025-06-25,60023.41442201828,55617.644053682976,0.0,4405.7703683353,1020.3667470706023,1200.0,60467.36208923263,48031.25361606599,3231.0272492619156,9205.081223904723,1972.0159324985248,1200.0000000000002,60096.018994458325,56349.67853349321,0.0,3746.3404609651197,886.1331221597887,1200.0,60472.684238455986,47978.97459368105,3288.6284208702145,9205.081223904719,1972.0159324985239,1200.0000000000002
2025-06-26,56284.782846897935,53404.25534325118,0.0,2880.527503646758,663.496900692486,1200.0,56735.7354764366,46808.06644880769,2987.7939455721275,6939.875082056784,1712.191858201313,1200.0,55107.16865879019,52687.71063667677,0.0,2419.4580221134256,573.5712840258196,1200.0,56811.66453142317,46871.513961004115,3000.2754883622724,6939.875082056784,1712.1918582013127,1200.000000000001
2025-06-27,18335.965752801683,17568.662625554578,0.0,767.3031272471054,285.8898049484611,1200.0,22209.76139149085,15696.931257665741,-543.5237891492513,7056.353922974358,2196.6572786939237,1200.0,19263.17294407413,18560.411769970968,0.0,702.7611741031599,263.23107306677684,1200.0,21993.925638817513,15397.656037412777,-543.332195693055,7139.601797097794,2234.6895123531485,1200.0
2025-06-28,19771.58591849122,17322.22797348739,0.0,2449.3579450038324,745.1615666931757,1200.0,21246.28087713172,15891.193820555673,165.5788264173716,5189.508230158679,1515.4736541641287,1200.0,21856.07253106496,19483.55699358213,0.0,2372.5155374828328,711.0436514772077,1200.0,21599.221559643436,16321.465107025277,137.87560409300778,5139.88084852515,1477.1069115019461,1200.0
2025-06-29,62398.345971995645,54478.48654876945,0.0,7919.859423226194,1765.7504599607164,1200.0,64099.85686835154,45591.26205779733,5437.49353364521,13071.101276909,3129.758522783258,1200.0,58598.625521883114,50961.78903094859,0.0,7636.836490934527,1715.7717099607164,1200.0,63167.12617244583,44677.50899078726,5418.515904749567,13071.101276908998,3129.7585227832583,1200.0000000000002
2025-06-30,61970.93064137298,53398.74960766868,0.0,8572.181033704299,2107.75455998496,1200.0,61610.26194442381,49317.722211966204,1245.1918907776087,11047.347841679995,2749.0301608326986,1200.0000000000002,62992.00151961581,54948.297888348156,0.0,8043.7036312676555,2000.6011053094908,1200.0,60520.12372115224,48234.082788604755,1238.6930908674929,11047.347841679994,2749.030160832698,1200.0000000000002
2025-07-01,89760.04657947065,65589.95390766326,0.0,24170.092671807382,5883.67266307924,1200.0,97026.13002332777,46874.93358861293,12258.130379660917,37893.06605505393,9768.443219834928,1200.0000000000002,88120.92139737323,63857.62858239084,0.0,24263.29281498238,5899.83991307924,1200.0,97820.82922550122,47731.5810564064,12196.182114040894,37893.06605505393,9768.443219834928,1200.0000000000002
2025-07-02,89196.07862184999,59714.856308212744,0.0,29481.22231363724,6963.637219162102,1200.0,83293.66531483067,44864.68678586549,12715.15456088731,25713.82396807787,7025.831975572951,1200.0000000000011,87417.80322963468,57936.58091599743,0.0,29481.22231363724,6963.637219162102,1200.0,82219.16123414235,43695.424808019074,12809.91245804539,25713.82396807787,7025.831975572952,1200.0
2025-07-03,99084.49231630616,58909.71611186671,0.0,40174.776204439455,9190.810283188755,1200.0,93956.35614596964,51364.00330232913,16535.9725807445,26056.380262896,6966.55952318453,1200.0000000000002,98123.15854550805,58457.789479586245,0.0,39665.3690659218,9109.411656468,1200.0,92979.92596831874,50606.828305211326,16316.717400211423,26056.380262895997,6966.559523184529,1200.0000000000002
2025-07-04,43010.787126915006,19347.523688074984,0.0,23663.263438840022,6619.066071747584,1200.0,42710.72150055901,15717.86313914583,7131.273106736102,19861.58525467708,6705.1719210670435,1199.999999999997,43449.553268234566,20354.923830427237,0.0,23094.629437807325,6559.995270101883,1200.0,43272.25678266617,16173.22798050039,7237.443547488689,19861.58525467709,6705.171921067045,1200.0
2025-07-05,45116.05674529611,19305.082241019256,0.0,25810.97450427685,7212.295918975869,1200.0,45165.56862202009,16500.88640586783,7916.517028923092,20748.16518722917,7111.242611111111,1199.9999999999984,47518.781900059774,22072.86844075792,0.0,25445.913459301853,7093.628618975871,1200.0,44528.71356595765,16377.320622492065,7759.9100024405925,20391.482941024995,6901.367797222219,1199.9999999999995
2025-07-06,98477.48924928969,60827.133056053295,0.0,37650.356193236395,8220.203616393264,1200.0,89684.23320792147,47293.14369218899,23962.032046253298,18429.057469479187,5221.369383333336,1200.0,94647.74331772423,56619.33896124617,0.0,38028.404356478066,8296.440999726598,1200.0,87892.32571052248,45732.51623023114,23730.752010812168,18429.05746947918,5221.369383333336,1200.0000000000002
2025-07-07,86416.32380746168,59135.18825779041,0.0,27281.13554967128,6500.780135943555,1200.0,80368.01635728881,45798.736196907754,13270.018026936616,21299.26213344445,6186.309555555557,1200.0,85805.51346049039,58524.37791081911,0.0,27281.13554967128,6500.780135943555,1200.0,81001.21066847247,46158.902417349935,13543.046117678088,21299.26213344445,6186.309555555557,1200.0000000000002
2025-07-08,72665.07751070979,67860.02133577355,0.0,4805.0561749362405,1037.6417854026718,1200.0,74918.6237747275,61017.73551972965,661.5269006325836,13239.36135436527,2766.703947222221,1200.0,71704.43608502687,67389.2354665773,0.0,4315.200618449564,955.703485441342,1200.0,73825.8272260824,60044.89080443251,541.5750672846211,13239.361354365272,2766.7039472222214,1200.0000000000018
2025-07-09,68586.13956266645,63367.09654081824,0.0,5219.0430218482,1075.7221901633338,1200.0,74741.00878566362,60208.47020542617,190.06927737634064,14342.469302861105,2897.128091666665,1200.0,68798.46310546226,63579.42008361405,0.0,5219.0430218482,1075.7221901633338,1200.0,74932.87298579785,60440.00436467169,150.3993182650472,14342.469302861113,2897.128091666668,1200.0
2025-07-10,71882.09438994285,69161.42662170556,0.0,2720.667768237294,644.2880170197701,1200.0,70912.70445925443,57417.63766186418,3243.3221356541508,10251.744661736102,2606.447699999999,1200.0,70363.5103809163,67736.255689536,0.0,2627.2546913802935,623.3305837251062,1200.0,71539.8103123259,57769.67507521992,3518.3905753698837,10251.744661736104,2606.447699999999,1200.0000000000002
2025-07-11,30378.704631143257,26463.698169072562,0.0,3915.0064620706935,1898.0202003964023,1200.0,31624.06789606746,24971.103991801087,-497.0682875877768,7150.0321918541495,1889.6780944444376,1200.0,29414.02492626069,26231.337974651215,0.0,3182.6869516094744,1498.1818557396698,1200.0,30141.697629352988,23516.99482260362,-496.31093320896264,7121.013739958328,1856.8002194444425,1199.9999999999995
2025-07-12,27886.17130962186,26364.883041343906,0.0,1521.2882682779536,612.6193352467965,1200.0,32443.795900652083,23202.317458869205,1653.3647206342725,7588.113721148605,1901.399233333332,1200.0,29996.666912715868,28778.10359162387,0.0,1218.5633210919982,462.5158409017463,1200.0,32776.6924302583,23539.265319636568,1677.339971589794,7560.087139031938,1893.4697999999987,1199.9999999999773
2025-07-13,68494.90675222327,67178.25327293992,0.0,1316.6534792833368,234.1669000000008,1200.0,73394.2457152248,59503.0557853012,-1251.1081132319523,15142.29804315554,3191.1050222222198,1200.0,66305.11029896536,64988.45681968202,0.0,1316.6534792833372,234.16690000000074,1200.0,73896.92074035876,59990.66044346442,-1236.0377462611948,15142.298043155539,3191.1050222222198,1200.0000000000002
2025-07-14,66016.69067883657,63222.743202833735,0.0,2793.9474760028315,485.0389218520533,1200.0,68495.62748786737,56401.18611721313,3013.5178554403483,9080.923515213892,1918.565405555556,1200.0000000000002,64512.74940851748,61718.801932514645,0.0,2793.9474760028306,485.03892185205297,1200.0,66594.34453743223,54525.635511008826,2987.785511209515,9080.92351521389,1918.5654055555563,1200.0000000000002
2025-07-15,71588.35313554553,64921.858906922134,0.0,6666.494228623396,1996.6559230892594,1200.0,80860.30465353094,57829.77962740193,-313.63731948627105,23344.16234561528,5021.101580555556,1199.9999999999993,71659.54980645944,65262.35226477771,0.0,6397.197541681728,1918.335406422592,1200.0,81449.46619097819,58435.12885356319,-329.8250082002859,23344.16234561528,5021.101580555556,1200.0000000000002
2025-07-16,69303.26877892081,64841.35169660607,0.0,4461.917082314737,1025.5174427338688,1200.0,71050.8722142319,57806.12130311513,2454.4204248092,10790.330486307583,2586.1736034876903,1199.9999999999993,67831.57571526607,63381.95579545133,0.0,4449.619919814738,1023.0570260672024,1200.0,69274.23259045422,56141.4849518961,2342.4171522505503,10790.330486307581,2586.1736034876894,1200.0000000000002
2025-07-17,68243.59145135779,63506.40006824111,0.0,4737.191383116671,1173.0485000000008,1200.0,75469.88336786047,56107.52454891149,2221.8494450601,17140.509373888886,3637.5885499999995,1200.0000000000005,67755.32543252272,63026.32380657272,0.0,4729.001625950004,1171.1878333333343,1200.0,74319.79040784779,54982.719893887974,2196.5611400709413,17140.509373888883,3637.5885499999995,1200.0
2025-07-18,27137.36440683651,25768.314487014977,0.0,1369.0499198215348,333.38851713292524,1200.0,32555.101979657,22947.457534781235,319.9661947882747,9287.67825008749,2361.443099999998,1200.0000000000002,27220.290203987006,25854.802989998803,0.0,1365.4872139882013,332.2589337995919,1200.0,32843.80966650517,23379.71132291774,308.90050924160505,9155.197834345821,2321.7604833333307,1200.0
2025-07-19,27253.068245409864,26227.860833306513,0.0,1025.2074121033518,362.77696600813897,1200.0,30338.889853765286,24404.713681160596,524.5496818935811,5409.626490711107,1692.4776222222208,1200.0,30573.711195639044,29555.58699421404,0.0,1018.1242014250015,359.82693333333384,1200.0,30419.428522060112,24503.15273892124,506.64929242776486,5409.626490711107,1692.4776222222206,1199.9999999999989
2025-07-20,66519.69965463653,61459.87346680112,0.0,5059.826187835403,1486.2036078870176,1200.0,67694.41898560525,58336.5794628796,617.4434186159506,8740.39610410971,2074.991813888886,1200.0,61377.66905069594,56656.438922952206,0.0,4721.230127743738,1407.994041220351,1200.0,66323.47958273663,57112.22861999863,470.85485862829967,8740.396104109708,2074.991813888885,1200.0000000000002
2025-07-21,67853.14158857662,62982.47243283441,0.0,4870.6691557422055,1270.7237418035322,1200.0,71926.16603829614,60361.98486901231,1931.5211832899072,9632.659985993927,2282.820981135675,1200.0000000000002,67163.07650478288,62502.97397520733,0.0,4660.102529575541,1222.6428918035326,1200.0,71291.77143524919,59876.625550968514,1782.4858982867481,9632.65998599393,2282.820981135676,1199.9999999999982
2025-07-22,67042.97925551087,61764.64523017683,0.0,5278.334025334046,1272.7503031105716,1200.0,73836.81544238303,55729.561811760155,7908.953242441923,10198.300388180953,2483.6055604055136,1200.0000000000002,66717.72251177153,61756.20463021248,0.0,4961.517881559046,1216.6731531105715,1200.0,73804.45783696628,55490.43312485511,8115.724323930218,10198.30038818095,2483.6055604055127,1199.9999999999984
2025-07-23,67271.35907612086,62271.71144534064,0.0,4999.647630780224,1090.557007062063,1200.0,79711.11636204095,63691.35857130809,-2878.5913674850635,18898.349158217927,3898.8199112309267,1200.0,67276.10147854911,62984.45749488803,0.0,4291.643983661079,960.7021949082507,1200.0,80270.0756925728,64260.89289617835,-2889.166361823475,18898.349158217927,3898.819911230926,1200.0
2025-07-24,69609.54918568511,63282.86453290499,0.0,6326.684652780128,1519.499991284899,1200.0,69383.24836221161,63655.339847773444,-2580.815192181471,8308.723706619636,1937.290366472674,1200.0,67733.04157584308,61857.005083395896,0.0,5876.036492447174,1420.1530193492565,1200.0,68666.98565454665,62948.76313022319,-2590.501182296159,8308.723706619618,1937.290366472671,1200.0000000000018
2025-07-25,25813.651629539723,24906.95151449511,0.0,906.7001150446139,267.5282485142483,1200.0,28561.16343712574,22087.793581984875,-12.73386421577861,6486.103719356643,1709.0826688269317,1199.9999999999982,26054.575450893477,25149.09685889886,0.0,905.4785919946135,267.00689851424806,1200.0,28029.656690071453,21555.770000433156,-12.217029718346666,6486.1037193566435,1709.0826688269317,1199.9999999999982
2025-07-26,27436.46459304773,25515.19555741533,0.0,1921.2690356324015,792.2994718298303,1200.0,28627.219044993777,22878.044167850097,460.73395735467744,5288.440919789002,1628.6581145285058,1199.9999999999995,29927.404409912135,28335.71429603733,0.0,1591.6901138748044,636.3374182424994,1200.0,28240.250824283656,22530.883934103003,461.1039670158353,5248.262923164815,1603.8687443885142,1199.9999999999966
2025-07-27,68184.47860599731,62589.136929751054,0.0,5595.341676246259,1306.7313532564954,1200.0,70969.31370343771,56401.11224040989,2466.7377014981566,12101.46376152966,2744.01052858365,1199.9999999999995,63850.9099741464,58269.08877456681,0.0,5581.821199579594,1302.1380199231626,1200.0,70701.76863100694,56176.02786754995,2424.2770019273235,12101.46376152966,2744.01052858365,1199.999999999999
2025-07-28,67403.3647018928,63743.13467524006,0.0,3660.2300266527504,829.9233297758968,1200.0,73876.38948769354,58085.5841273405,2539.7100314946583,13251.095328858375,2916.4088939657245,1200.0000000000002,67385.9854231659,63874.16303563562,0.0,3511.8223875302792,796.9021179853235,1200.0,73524.2242058982,57741.14838331509,2531.98049372473,13251.095328858373,2916.408893965724,1200.0000000000002
2025-07-29,70512.0143597553,63487.58602254487,0.0,7024.428337210423,1878.3901711659155,1200.0,70436.08390283675,57002.10866687674,5628.720504473349,7805.254731486662,1587.2653026811836,1200.0,70922.59376664674,63927.06883776965,0.0,6995.524928877092,1873.9693378325824,1200.0,70526.50946366675,56989.66949498153,5731.5852371985575,7805.254731486662,1587.2653026811834,1199.999999999999
2025-07-30,66569.1407472135,64959.11423313602,0.0,1610.026514077493,386.17005714291645,1200.0,69426.07241912387,53081.3621520209,10612.90502172255,5731.80524538042,1414.2731466566051,1200.0,65439.605350646285,63811.750623900676,0.0,1627.85472674561,392.0675803543346,1200.0,69550.438718569,53172.69716068168,10645.9363125069,5731.805245380423,1414.273146656606,1200.0000000000002
2025-07-31,69748.68873519976,64133.25692792101,0.0,5615.43180727875,1120.3911403392776,1200.0,73568.51161770753,54797.77660595073,4436.218150626615,14334.516861130189,2824.3225248336216,1200.0,68943.12407423816,63699.58519153199,0.0,5243.538882706172,1058.5582408134815,1200.0,72313.17509497832,53510.45183605211,4468.20639779601,14334.516861130192,2824.3225248336216,1199.9999999999993
2025-08-01,25261.722845570417,24301.059874917126,0.0,960.6629706532908,354.76000845096723,1200.0,27664.242412016283,21712.812601315025,181.39631206168303,5770.033498639574,1757.0562562729474,1200.0,25373.176438916013,24428.376077313187,0.0,944.8003616028238,348.9491682751095,1200.0,27711.792203492238,21771.570271288827,170.1884335638356,5770.033498639574,1757.0562562729474,1200.0
2025-08-02,25701.52433535476,25229.92805430134,0.0,471.5962810534174,119.03187594498695,1200.0,31654.87341417451,22564.7027017719,-137.58431769122603,9227.755030093838,2404.808187341636,1200.0,28377.915060403495,27906.318779350077,0.0,471.5962810534181,119.03187594498729,1200.0,31462.25311644056,22352.347942277665,-137.76308073703777,9247.66825489993,2423.576542484041,1200.0
2025-08-03,62368.51790492796,61626.57857279168,0.0,741.9393321362816,174.54496048347335,1200.0,65642.11697638605,47914.27785900083,1488.398175711245,16239.440941673987,3553.7399816822117,1199.9999999999995,59755.652248146864,59013.71291601058,0.0,741.9393321362809,174.54496048347312,1200.0,65792.5067961665,48182.25131974571,1488.3981757112601,16121.85730070954,3502.564582348109,1199.9999999999989
2025-08-04,65039.73221623824,63942.41649163478,0.0,1097.315724603459,304.426224661299,1200.0,66655.97033464495,51299.89807243922,1268.7834630509522,14087.28879915478,3121.5019002331155,1200.0,64011.785164018336,62914.469439414876,0.0,1097.3157246034589,304.4262246612989,1200.0,66024.2817984099,50649.24623394429,1287.746765310823,14087.28879915477,3121.5019002331137,1200.0000000000002
2025-08-05,63756.00283604806,62748.70909602347,0.0,1007.2937400245833,250.5799296748014,1200.0,63993.8557887459,50243.444581959804,1879.2253612644533,11871.185845521639,2588.7290706419635,1200.0,63462.031128976014,62454.73738895143,0.0,1007.293740024583,250.5799296748013,1200.0,63730.505902168064,49887.26775551129,1972.0523011351297,11871.185845521639,2588.7290706419635,1200.0000000000002
2025-08-06,65127.50752134863,63485.07913626835,0.0,1642.4283850802742,393.2404192599144,1200.0,67374.51889547534,56909.08049160537,-831.4205137684944,11296.85891763846,2513.0743932357204,1200.0,64964.119039087534,63345.25909655736,0.0,1618.8599425301754,388.2534445349675,1200.0,66954.66081896129,56183.131519649425,-525.3296183265935,11296.85891763846,2513.0743932357204,1200.0000000000002
2025-08-07,63976.00985498995,63064.237309422315,0.0,911.7725455676357,275.92662537237175,1200.0,65913.09025568946,54399.9762430277,-614.2818684847468,12127.395881146513,2885.1002482149843,1200.0,62670.830703556065,61770.023028324395,0.0,900.8076752316667,273.42065569211377,1200.0,65348.123555226724,54059.71636540021,-584.8345358762488,11873.241725702763,2794.371796308718,1200.0000000000002
2025-08-08,24507.198022624652,23200.93696625891,0.0,1306.2610563657431,371.80578705519827,1200.0,25955.937728313926,21202.0912650775,-69.86307260310906,4823.709535839536,1271.9797445809327,1199.9999999999957,24940.783364519793,23765.6751237555,0.0,1175.108240764293,332.78987232161717,1200.0,25827.08813648206,21079.22972731528,-75.85112667274343,4823.709535839525,1271.9797445809309,1200.0
2025-08-09,24736.358124932885,23628.112359700594,0.0,1108.2457652322914,381.18416096609906,1200.0,27125.514753639884,21503.183925338177,-74.16120652885621,5696.492034830563,1657.916603328474,1199.9999999999961,27198.03323275346,26120.73838692117,0.0,1077.2948458322912,371.170410966099,1200.0,27041.129699071338,21419.156698970815,-74.51903473003829,5696.492034830562,1657.9166033284737,1200.0
2025-08-10,63066.43121205543,56596.14037938918,0.0,6470.290832666252,1620.097918252567,1200.0,63625.600016578304,53621.858953512296,-759.4980082888359,10763.239071354848,2640.11656237564,1200.0,58468.817000181516,52278.1966572486,0.0,6190.62034293292,1542.4598015859005,1200.0,62946.061849882455,52935.122342679926,-752.2995641523117,10763.239071354838,2640.1165623756365,1199.9999999999982
2025-08-11,57791.053101824065,55140.117599282334,0.0,2650.93550254173,578.9542818816838,1200.0,60441.71559390033,49478.93614160703,1946.543597204965,9016.235855088325,1807.012558414275,1200.0000000000011,58096.82788365599,55533.78230650599,0.0,2563.0455771499965,560.4567333333331,1200.0,60500.72270179142,49534.07754713095,1950.409299572145,9016.235855088322,1807.0125584142743,1199.9999999999982
2025-08-12,61739.9677645435,56280.90475626866,0.0,5459.063008274838,1092.3204954350722,1200.0,64343.58365099575,53093.76333764192,1388.0895353627684,9861.730777991062,2134.3055981987377,1200.0000000000002,61515.25914276869,56458.31641761886,0.0,5056.942725149835,1038.1104954350717,1200.0,64353.39575724843,53084.616273961394,1407.0487052959752,9861.730777991064,2134.305598198738,1200.0
2025-08-13,61496.589703254365,58997.856624933906,0.0,2498.7330783204593,616.5780837739785,1200.0,65070.00700692591,49484.18782192396,3034.17874450687,12551.640440495077,2719.0413490595956,1200.0,60493.7573201994,58055.3879058193,0.0,2438.369414380106,599.4778715740796,1200.0,63857.302097223226,48346.65534002946,2959.0063166987024,12551.640440495066,2719.041349059594,1200.000000000002
2025-08-14,60159.18895166419,55037.63814557355,0.0,5121.550806090638,1082.8575987630595,1200.0,62627.883709582406,50431.45546578035,3601.644975632528,8594.78326816952,1809.6786329468096,1199.9999999999998,59583.01862650314,54753.874143534136,0.0,4829.144482968999,1036.6593357214795,1200.0,62642.1105003455,50469.69122854375,3577.6360036322308,8594.783268169518,1809.6786329468096,1200.0000000000002
2025-08-15,24430.838217431858,23081.967839121793,0.0,1348.8703783100646,443.059340045217,1200.0,28480.284505459902,21595.88541065222,-352.78071766203175,7237.179812469716,2268.507351772262,1200.0000000000002,24611.477774539406,23280.194593137676,0.0,1331.283181401731,440.63312337855035,1200.0,28347.400017363827,21465.089359308906,-354.86915441479573,7237.179812469715,2268.5073517722617,1199.9999999999998
2025-08-16,24962.98105010822,23570.204338653042,0.0,1392.7767114551789,323.29794722152553,1200.0,30141.437232735607,22905.901893228554,-668.5049460795619,7904.040285586617,1921.9451254921564,1199.9999999999989,27859.407226852854,26542.817323897674,0.0,1316.5899029551797,313.15959722152564,1200.0,30014.340041601838,22790.200735821258,-679.9009798060351,7904.040285586616,1921.945125492156,1199.9999999999998
2025-08-17,60242.80637281558,56852.570387364394,0.0,3390.235985451185,756.858566917806,1200.0,62329.34506472887,52339.83334963141,-37.9668594327334,10027.478574530189,2095.310894855711,1200.0,56344.52126228093,53114.40357406535,0.0,3230.1176882155796,717.2696017027883,1200.0,61260.235979143996,50964.9211918022,267.83621281660436,10027.478574525194,2095.310894854566,1199.9999999999977
2025-08-18,60211.807090721704,55229.196896195805,0.0,4982.610194525898,1032.528015826539,1200.0,62793.248122290555,50769.651757072716,411.17725944205904,11612.419105775776,2540.460679814608,1200.0000000000002,60099.965296860195,55265.039512313786,0.0,4834.925784546408,1007.5731949309226,1200.0,63624.09154051385,52015.577806701454,449.67467753255136,11158.839056279845,2435.8654651897655,1199.9999999999977
2025-08-19,59913.182610715456,58131.2190266314,0.0,1781.963584084054,394.1209738297993,1200.0,63337.24569818571,50700.150542675474,471.56365287872,12165.531502631517,2479.015018636548,1199.9999999999998,58867.95970885765,57085.99612477359,0.0,1781.963584084055,394.1209738297998,1200.0,62297.64414664249,49711.7352867713,420.3773572396697,12165.531502631526,2479.01501863655,1200.0000000000002
2025-08-20,67795.71198637066,58165.58266226335,0.0,9630.129324107313,2077.5396596123946,1200.0,69442.23042130456,56233.52034750514,669.7995845937724,12538.910489205655,2727.9750908997407,1200.0,66700.29557557208,57414.32734077228,0.0,9285.9682347998,2019.0022155378028,1200.0,68851.26648821658,55624.688570336235,687.6674286746984,12538.910489205651,2727.9750908997403,1200.0
2025-08-21,61407.27843195543,56812.66322404389,0.0,4594.615207911534,1029.6243834435209,1200.0,64721.79672321679,52724.617550389485,308.06579001998614,11689.113382807314,2728.208205776655,1200.000000000002,60905.859502350795,56349.74660543926,0.0,4556.112896911534,1019.3213834435209,1200.0,64703.91849933303,52685.51006888375,329.29504764196486,11689.113382807313,2728.2082057766547,1200.0000000000011
2025-08-22,26557.158626364657,23175.129347778515,0.0,3382.029278586141,876.4574224344948,1200.0,30678.646732735928,21547.47167490447,-148.40098272288867,9279.576040554342,2390.9081589720586,1200.0,26686.81081239257,23257.881621165074,0.0,3428.929191227498,888.8150576648752,1200.0,30473.006342177134,21347.62028166274,-154.18998003995273,9279.576040554342,2390.908158972058,1199.9999999999923
2025-08-23,24411.320185372446,23238.79034166302,0.0,1172.5298437094234,447.61968102780315,1200.0,27030.504771929645,20839.82751868626,1094.6531178521307,5096.024135391256,1557.0089049356202,1199.9999999999966,28311.611459926706,27221.888070198187,0.0,1089.7233897285173,398.5574012818014,1200.0,26921.04740652113,20730.29425663261,1094.7290144972646,5096.024135391257,1557.0089049356202,1199.999999999997
2025-08-24,60490.53041083394,55722.18965364774,0.0,4768.340757186195,1033.6798640313812,1200.0,65660.2895707361,51126.71707613261,3939.850455776094,10593.722038827398,2420.906851435451,1200.0,56691.96347627821,51972.47287635888,0.0,4719.490599919329,1015.9676967845114,1200.0,65546.95995927395,51343.40724651465,3910.8829031620585,10292.66980959725,2362.118506114313,1200.0000000000002
2025-08-25,69356.70895215712,56259.65801794021,0.0,13097.050934216915,3629.037139629606,1200.0,71935.60291183583,65010.752800615555,-5387.1794803734365,12312.029591593717,2581.3711354852153,1199.9999999999977,67897.7156720391,55079.36113660646,0.0,12818.354535432654,3567.580163629997,1200.0,71139.03678169844,64229.26132794943,-5402.254137844714,12312.029591593717,2581.371135485215,1200.0000000000002
2025-08-26,60146.90154632798,55270.20252656212,0.0,4876.699019765858,1029.5373922983076,1200.0,61000.27801069559,51482.19195589001,1527.7527863502617,7990.333268455316,1800.7955117973443,1199.9999999999977,58831.58539697919,54472.0753408429,0.0,4359.510056136293,926.0906026811654,1200.0,59951.87255959898,50691.82252174188,1571.5889632398075,7688.461074617289,1729.2158673024708,1200.0000000000002
2025-08-27,63576.07219003109,59634.40244814815,0.0,3941.6697418829453,854.0378297109701,1200.0,64840.09820965813,52104.23063132666,5495.747246002475,7240.120332328999,1445.3198191629772,1199.9999999999998,62917.23601861874,58975.5662767358,0.0,3941.669741882946,854.0378297109702,1200.0,64016.86078528775,51325.2266130434,5451.513839915347,7240.120332329001,1445.319819162978,1200.0000000000002
2025-08-28,68022.19875247532,56446.10185180351,0.0,11576.096900671815,2598.8064126918875,1200.0,71401.28505502036,49829.07519053295,6865.552136853163,14706.657727634249,3077.617159001453,1199.9999999999989,67428.91430512659,55600.27985180498,0.0,11828.634453321603,2646.716854561583,1200.0,71367.74954628618,49793.83258403481,6867.259234617126,14706.65772763425,3077.617159001453,1199.9999999999998
2025-08-29,26912.866401261377,23436.25706036138,0.0,3476.6093409,904.2395333333336,1200.0,28548.426897528017,22909.782098783886,90.65438830043729,5547.990410443694,1372.734043934168,1199.9999999999995,26862.319125158945,23695.953310883742,0.0,3166.3658142752047,832.479379835391,1200.0,28186.190057476055,22547.54525873192,90.65438830043848,5547.990410443697,1372.7340439341685,1200.0000000000005
2025-08-30,25358.679800428996,23616.8969161196,0.0,1741.7828843093966,482.1682177788911,1200.0,28263.216975592615,22430.004388049467,-172.04930847548616,6005.261896018632,1654.1074049583838,1199.9999999999995,27889.79596287412,26223.65392380939,0.0,1666.1420390647281,459.2456944537615,1200.0,28085.58938574131,22247.595647549104,-167.26815782642842,6005.261896018632,1654.107404958384,1199.999999999999
2025-08-31,60512.973632274494,55284.0073369233,0.0,5228.966295351193,1660.1435172019553,1200.0,63833.234374303414,50343.13213546503,2027.3997186990323,11462.702520139354,2538.898408315377,1200.0,57055.68833199951,51839.02970770498,0.0,5216.658624294523,1655.2616161219712,1200.0,63665.82759790122,50348.124193800824,1855.0008839610416,11462.702520139354,2538.8984083153764,1199.999999999999
2025-09-01,52995.279475160016,52995.279475160016,0.0,0.0,0.0,1200.0,49703.34496423489,49531.5887044535,-1912.4708887851334,2084.227148566525,458.71298966486086,1200.0,53982.545924633625,53982.545924633625,0.0,0.0,0.0,1200.0,50078.513541656306,49898.92113763251,-1905.5447577699695,2085.137161793762,458.7129896648602,1199.9999999999993
2025-09-02,50824.571371105056,50382.80144466339,0.0,441.7699264416676,119.6082333333336,1200.0,50527.64524311721,44463.31408378297,113.94124990079945,5950.389909433437,1241.631019291181,1200.0,50299.75910481454,49781.60256787905,0.0,518.1565369354962,139.1231256629316,1200.0,50701.58195006682,44678.20423471833,72.98780591505351,5950.389909433443,1241.631019291182,1200.0000000000014
2025-09-03,53854.4007929819,53804.039692798564,0.0,50.36110018333173,13.251616666666223,1200.0,51305.52240574648,48616.40554514169,-2580.8733698813326,5269.990230486114,1198.047638888889,1200.0,51671.76772905661,51621.40662887328,0.0,50.36110018333214,13.251616666666337,1200.0,49336.21813741636,46678.64291497195,-2643.733520266695,5301.308742711112,1206.6362888888889,1200.0000000000023
2025-09-04,54314.37985545301,53884.97103028634,0.0,429.4088251666671,110.64328333333344,1200.0,52155.34916457872,47890.16675774342,-3669.5066654466473,7934.689072281953,2073.1654444444457,1199.9999999999973,53092.39023789368,52662.98141272701,0.0,429.4088251666671,110.64328333333344,1200.0,50520.391201725535,47126.91010410011,-3297.697484973178,6691.178582598602,1794.3903861111094,1199.9999999999925
2025-09-05,20747.09709692491,20747.09709692491,0.0,0.0,0.0,1200.0,21425.587258290307,18924.071751845317,-2625.206515692498,5126.722022137487,1202.1602333333303,1200.0,20928.42246266028,20928.42246266028,0.0,0.0,0.0,1200.0,21330.70947137616,18592.55924361945,-2600.6874886849478,5338.837716441658,1299.1549444444413,1199.9999999999993
2025-09-06,22004.05575472197,21188.541598630796,0.0,815.5141560911741,265.25803662430644,1200.0,20566.618810433407,19737.66450546625,-2157.776792499518,2986.7310974666734,706.2511250000011,1200.0,24621.08399133572,23868.710061648962,0.0,752.3739296867566,243.15088816304635,1200.0,20915.25853197748,19982.83104741551,-2123.0371012616492,3055.4645858236163,726.5594388888898,1200.0
2025-09-07,51446.084427613765,51098.969655043016,0.0,347.11477257074773,68.10991081024798,1200.0,50063.072201552,44833.88703519725,554.1971746880772,4674.98799166667,1091.961725000002,1200.0,48486.25306938721,48159.39117005501,0.0,326.8618993321994,64.50491379377445,1200.0,49090.614068165865,43951.3862205849,517.7588677976328,4621.468979783333,1071.389358333334,1200.0000000000002
2025-09-08,52916.27019200672,42507.2185439377,0.0,10409.051648069022,2352.2117252187227,1200.0,50413.491969916155,40819.83540440959,4797.336505621837,4796.3200598847225,1209.038588888889,1200.0,52240.55810764459,41673.015710786785,0.0,10567.542396857803,2386.385490430095,1200.0,50517.61646966427,40895.84966145872,4825.446748320825,4796.320059884724,1209.0385888888895,1200.000000000002
2025-09-09,51115.24764337798,43911.24835078034,0.0,7203.999292597644,1590.5190509753602,1200.0,49419.725586426546,38391.42757707782,3556.958377791083,7471.33963155765,1793.8008375000024,1200.000000000001,48300.89370761392,41338.788146175466,0.0,6962.105561438451,1553.384143408713,1200.0,46758.16121001523,35816.730829894615,3470.0907485629605,7471.33963155765,1793.8008375000024,1200.0000000000005
2025-09-10,53809.556754892685,43857.095363502136,0.0,9952.461391390547,2185.675707862355,1200.0,53627.8293720016,41438.57264646709,2727.303471696311,9461.953253838205,2223.132413194447,1200.0,54431.536300617634,44606.69742477976,0.0,9824.838875837871,2142.5255126539846,1200.0,54248.292778901356,42197.870786578846,2588.4687384843023,9461.953253838203,2223.132413194447,1200.0
2025-09-11,44407.859414283055,42469.772744324655,0.0,1938.0866699583987,429.0005424962507,1200.0,52550.712475899076,41655.71726090064,-2203.776968325185,13098.772183323621,3049.184291666669,1199.9999999999982,42535.05426860683,40714.38062255676,0.0,1820.673646050066,400.3273924962511,1200.0,51282.308586981824,40354.83234682308,-2206.425753438483,13133.901993597225,3072.5990388888895,1199.9999999999952
2025-09-12,17646.328403751828,15018.299294819197,0.0,2628.029108932632,783.6840239173182,1200.0,18983.35829882328,13188.263415184752,1627.2675506329733,4167.827333005558,1466.4846388888916,1200.0,18140.515551615466,15705.890148891165,0.0,2434.625402724301,734.8101405839855,1200.0,19168.516472870764,13442.474452849507,1573.2649697490351,4152.777050272223,1441.1687722222223,1200.0
2025-09-13,19598.90993598096,16762.682136439827,0.0,2836.2277995411328,869.1967539189817,1200.0,18818.84100624533,14239.589428155297,1548.2327411886422,3031.0188369013904,1038.1597861111115,1200.0,20454.91398494129,17655.737577111853,0.0,2799.1764078294364,855.2676062539691,1200.0,18014.050642845395,13470.076767728759,1512.955038215248,3031.0188369013904,1038.1597861111115,1200.000000000001
2025-09-14,48440.815867663245,42405.362198353396,0.0,6035.453669309852,1470.710617505347,1200.0,53108.132254653385,45385.06001112463,607.335629888473,7115.73661364028,1846.1181499999998,1199.9999999999995,46530.966432237205,40501.79846233569,0.0,6029.167969901513,1474.5426175053449,1200.0,52646.603891252715,44927.49358343395,603.3736941784848,7115.73661364028,1846.11815,1199.9999999999995
2025-09-15,49575.65498410306,45864.84872612664,0.0,3710.8062579764173,888.5985397844615,1200.0,51934.66926124923,38979.69369848774,977.2246151976091,11977.750947563889,2791.4403944444452,1200.0000000000005,47482.59009566982,43869.14377455567,0.0,3613.446321114152,872.8680189313392,1200.0,51127.89918523744,38172.09514758215,975.7726380025185,11980.03139965277,2791.9328361111097,1200.0000000000002
2025-09-16,48712.85845956202,43012.91079307128,0.0,5699.94766649074,1839.6900393789933,1200.0,49393.07558026541,44445.63607107351,-188.99521285393772,5136.434722045835,1379.3730444444445,1200.0,47851.17887917043,42183.77698435114,0.0,5667.40189481929,1837.4917618980703,1200.0,47930.2856491307,43001.6815827085,-207.83065562363242,5136.434722045836,1379.3730444444445,1199.9999999999982
2025-09-17,50270.36553690491,48353.445758514485,0.0,1916.9197783904206,509.04057179014205,1200.0,52087.0191776035,43888.424290718234,-319.6594339050112,8518.254320790278,2261.2302416666666,1200.0000000000011,49308.05817095522,47388.843084648135,0.0,1919.2150863070876,512.8371551234753,1200.0,50846.10003884836,42646.268127186006,-318.42240912792477,8518.254320790278,2261.230241666666,1199.9999999999982
2025-09-18,46944.88790554818,41586.96552063839,0.0,5357.922384909792,1336.3016467260347,1200.0,49284.836727895876,37713.734600219046,5440.693776260176,6130.408351416657,1423.2964444444428,1199.9999999999995,46323.774393686756,41375.95433703736,0.0,4947.820056649395,1240.4601272649343,1200.0,50050.05433436709,38504.86895492799,5414.777028022442,6130.408351416657,1423.2964444444428,1199.9999999999986
2025-09-19,17989.42110737951,15914.339528889557,0.0,2075.0815784899514,801.8280047467642,1200.0,19945.301059743542,14191.506492173332,217.56413489381725,5536.230432676392,1791.4613444444458,1199.9999999999998,18084.835397989475,16203.514536430881,0.0,1881.3208615585932,688.5034200996114,1200.0,19723.46049390379,13967.896697586008,219.33336364138984,5536.230432676392,1791.4613444444458,1200.0
2025-09-20,17512.205104358723,16620.087284476416,0.0,892.1178198823075,404.00626586241003,1200.0,20281.728962019526,13601.212684308908,426.72342752034433,6253.792850190273,1941.1901111111101,1200.0,19386.123759394537,18720.673951778896,0.0,665.4498076156408,239.49666586241,1200.0,20202.642077533405,13379.90721431077,412.9070069323626,6409.827856290274,1994.7000583333324,1199.9999999999998
2025-09-21,48502.690996137455,46894.60753058251,0.0,1608.0834655549484,392.6016919401392,1200.0,50841.435903464546,43558.61441841161,17.849149555621466,7264.972335497314,1691.9481850333216,1200.0,46621.588027129066,45127.97141032871,0.0,1493.6166168003533,374.27153447452093,1200.0,51360.86968484431,44080.46752893439,15.429820412610354,7264.972335497314,1691.9481850333214,1200.0
2025-09-22,53497.4142238841,45751.0492901502,0.0,7746.364933733905,2449.7708054585664,1200.0,55700.31289233674,46171.843518631154,-1560.820529853179,11089.289903558763,2953.451177359036,1200.0,51680.904649057295,43684.884718109955,0.0,7996.019930947343,2497.7060396671222,1200.0,54505.34398292502,44951.385118862454,-1535.3310394961952,11089.289903558763,2953.4511773590357,1200.0
2025-09-23,50611.488308247855,45787.293703817806,0.0,4824.19460443005,1019.0543329940415,1200.0,51825.87955124867,43842.05962074584,-764.6100715939522,8748.430002096788,1913.8939572377162,1200.0000000000011,50552.51860530827,45756.70393491989,0.0,4795.814670388385,1014.8470496607085,1200.0,51109.98099379602,43140.333140960785,-778.7821492615506,8748.430002096786,1913.8939572377162,1200.0000000000011
2025-09-24,51259.53960380818,47411.76377743538,0.0,3847.7758263728047,1042.9838836769068,1200.0,51482.53750194084,39726.171885791664,3941.402704880817,7814.962911268357,2134.121262517315,1199.9999999999995,49940.867827276874,46124.46214646366,0.0,3816.4056808132163,1039.1366284456863,1200.0,50193.43185747859,38518.94134693833,3859.527599271905,7814.962911268357,2134.121262517315,1200.0000000000014
2025-09-25,51904.88480399849,46251.02854755422,0.0,5653.8562564442655,1394.192822783605,1200.0,52129.056593635316,42579.901463066664,2852.347522148955,6696.8076084196955,1767.1292449094367,1200.0000000000002,50933.82507655229,45403.19438884969,0.0,5530.630687702598,1355.2283394502715,1200.0,52359.25779358187,42729.1314145396,2933.318770622573,6696.8076084196955,1767.1292449094367,1200.0000000000002
2025-09-26,16890.40656864097,16529.96680599992,0.0,360.4397626410506,122.64455541459887,1200.0,18533.123027073598,14533.739731695001,-436.5057780604844,4435.8890734390825,1492.6467980406169,1200.0,17085.401277624485,16724.961514983435,0.0,360.43976264105055,122.64455541459881,1200.0,17315.824851482386,13376.609198412993,-427.8575682815364,4367.073221350932,1442.1441553540142,1200.0
2025-09-27,20340.757262020456,16793.537469847088,0.0,3547.2197921733678,1108.5443610507828,1200.0,22949.415470282132,14386.697173322222,1038.2679090678123,7524.450387892099,2370.8858741800223,1199.9999999999998,22193.96804059767,18784.518605271493,0.0,3409.4494353261766,1029.2910751195727,1200.0,23268.9439771533,14708.128627255277,1036.3649620059236,7524.450387892098,2370.885874180022,1200.0
2025-09-28,55989.78373292215,47451.26525063794,0.0,8538.51848228421,1878.0353590387704,1200.0,56633.453470220644,43949.38002052501,6531.10739601288,6152.96605368276,1618.3596028172744,1200.0,51212.07661059109,42221.05578349922,0.0,8991.02082709187,1969.3387233217343,1200.0,54530.166880893215,41970.20334212889,6406.997485081567,6152.966053682761,1618.3596028172747,1200.0000000000005
2025-09-29,50080.53467199946,47716.185030668305,0.0,2364.3496413311573,550.6440657979817,1200.0,60274.34590190722,45391.85692449754,-530.543022373265,15413.03199978294,3849.373297441661,1200.0000000000002,49781.362386534136,47481.41011829703,0.0,2299.9522682371025,539.3634129478102,1200.0,60398.672292282565,45600.259243950866,-614.6189514512465,15413.031999782943,3849.3732974416616,1200.0
2025-09-30,51513.17339326163,48505.201856977,0.0,3007.9715362846346,773.7061926089673,1200.0,54467.300462421605,43753.23623116093,2715.0253697763164,7999.038861484352,2091.5222979534965,1199.9999999999993,52909.64091554026,50063.207131157105,0.0,2846.433784383152,741.5375933859129,1200.0,54598.60680436387,43941.059927193266,2658.508015686253,7999.038861484352,2091.5222979534965,1199.9999999999993
2025-10-01,45799.04273505128,45737.10260751794,0.0,61.940127533333396,26.29365000000007,1200.0,41156.60561623488,39475.30364906835,-184.23149583871793,1865.5334630052505,499.9493692857192,1199.9999999999989,45624.961291519954,45563.02116398662,0.0,61.940127533333396,26.29365000000007,1200.0,42215.70968828226,40531.38894516425,-190.30847037263737,1874.6292134906366,502.3229993706319,1199.9999999999998
2025-10-02,46207.37688767114,45893.85118053781,0.0,313.5257071333318,122.57636666666599,1200.0,44760.392706477935,44597.734483560256,-2825.2123055391135,2987.8705284567886,838.2604927649173,1200.0,44113.1291472811,43799.60344014777,0.0,313.52570713333205,122.5763666666661,1200.0,43590.569013158485,43479.15080108489,-2876.4523163832005,2987.870528456788,838.2604927649173,1200.0000000000005
2025-10-03,15391.209210188117,15289.973288713118,0.0,101.2359214749996,53.413099999999815,1200.0,15363.457087819104,11997.294811041109,229.38541604936162,3136.7768607286334,1088.5046589927697,1200.0,16560.822435327016,16481.401683018685,0.0,79.42075230833319,42.59476666666666,1200.0,14854.937689663577,11489.772207324444,228.38862161050082,3136.7768607286334,1088.5046589927697,1200.0
2025-10-04,16830.392991186854,16570.93356747082,0.0,259.4594237160329,80.3815233504613,1200.0,18492.96941246575,14524.552281639999,-738.3056488712546,4706.722779697007,1570.7337783098258,1200.0000000000002,18751.27338981261,18659.997542083926,0.0,91.27584772868323,36.15583603959499,1200.0,18155.1510408943,14317.305548011665,-725.8466512452288,4563.692144127861,1529.561093300972,1199.9999999999998
2025-10-05,48759.27061187087,48411.182213280044,0.0,348.08839859081957,134.77622568129289,1200.0,46813.03352824498,43896.32386216995,-1937.9641186941599,4854.673784769191,1434.0659490954617,1200.0,45813.29115161974,45465.20275302892,0.0,348.08839859082013,134.7762256812931,1200.0,46932.75309737928,43999.53074496641,-1921.45143235632,4854.673784769191,1434.0659490954617,1199.9999999999998
2025-10-06,49570.089744704674,49205.027465516396,0.0,365.0622791882764,110.46384913853637,1200.0,48837.46317241655,40313.40830728931,2619.483008862032,5904.57185626521,1710.0352468637534,1199.9999999999995,47784.29718471551,47419.234905527235,0.0,365.0622791882764,110.46384913853637,1200.0,47873.50317455593,39477.21859062933,2491.7127276613874,5904.57185626521,1710.035246863753,1199.9999999999986
2025-10-07,49650.91379520675,49597.464804506744,0.0,53.44899070000008,25.28236666666669,1200.0,45824.06749867142,39260.16761993195,2443.392006270024,4120.507872469446,1100.2483472222225,1200.0000000000007,49881.23830261492,49827.789311914916,0.0,53.44899070000008,25.28236666666669,1200.0,45744.9756979338,39200.785379752764,2423.6824457115845,4120.507872469446,1100.2483472222225,1200.000000000001
2025-10-08,47485.84535001759,40933.10210609359,0.0,6552.743243923998,2011.9448144936555,1200.0,47635.90927766862,36814.25337491833,1579.3570768975196,9242.298825852778,2140.2724972222222,1200.0000000000005,47365.20776975734,40244.54729082135,0.0,7120.660478935991,2115.649583333334,1200.0,47088.84697458378,36242.942937058055,1603.6052116729388,9242.29882585278,2140.2724972222227,1200.0000000000005
2025-10-09,44389.91969895475,40719.02030395817,0.0,3670.899394996578,911.0553388871597,1200.0,52250.36140768787,42623.680221763025,-2166.83970896959,11793.520894894438,2727.1182638888886,1200.0000000000002,41349.80198335209,37733.46532108195,0.0,3616.336662270138,899.3485897893661,1200.0,51796.470689757356,42154.87835072926,-2169.6596654163386,11811.252004444434,2730.9289472222204,1200.0000000000002
2025-10-10,15424.64675781415,13642.11184180577,0.0,1782.5349160083792,596.1994923448208,1200.0,17450.36617183782,11529.809592132407,288.122232674857,5632.434347030557,1952.6900833333339,1200.0,16362.624549489992,14614.015919431613,0.0,1748.6086300583784,579.0255423448202,1200.0,16052.501976552714,10483.914974002775,312.7170036693865,5255.869998880553,1840.657955555555,1199.9999999999998
2025-10-11,14756.537591181215,14442.778119597882,0.0,313.7594715833337,99.31411666666679,1200.0,16571.820226214706,12587.3006795265,755.2590102201511,3229.2605364680576,992.0420500000006,1200.0000000000011,16121.762746931741,15808.003275348408,0.0,313.7594715833337,99.31411666666679,1200.0,16049.115011027803,12040.006163930277,758.4604887614137,3250.6483583361137,999.4545027777785,1200.0000000000002
2025-10-12,45149.348379820236,42913.70769781408,0.0,2235.6406820061493,743.60864129317,1200.0,51129.09800441106,38655.56419628291,315.13663586287055,12158.397172265279,2700.245919444445,1200.0,42256.578898825646,39954.0957086945,0.0,2302.483190131149,758.76739129317,1200.0,50303.410889604,37824.9984884796,320.0152288591177,12158.397172265277,2700.2459194444446,1200.0
2025-10-13,44485.41294314584,44136.381710620844,0.0,349.03123252500063,103.03425000000021,1200.0,51048.71161556765,39424.26951966947,-569.8683324004223,12194.3104282986,2893.3612083333305,1199.9999999999995,45151.8957247905,44824.5874054905,0.0,327.3083193000009,99.64190000000025,1200.0,52265.924482130125,40642.32008763941,-570.7060338078896,12194.310428298599,2893.361208333331,1200.0
2025-10-14,46439.69839980639,44151.31175860639,0.0,2288.3866412,579.6253833333334,1200.0,55382.39148194353,41025.12156891257,1328.9105420837318,13028.359370947237,3487.7329750000026,1199.999999999999,46080.032693383786,43797.92381568379,0.0,2282.1088776999986,578.8796833333332,1200.0,55048.498166897516,40700.802855926246,1319.335940024029,13028.35937094724,3487.7329750000035,1199.9999999999998
2025-10-15,49756.0897574851,44721.84217779404,0.0,5034.247579691055,1210.817867347339,1200.0,57368.189834170684,44681.866397378704,-1213.057284676076,13899.380721468058,3579.6101444444453,1200.0000000000005,47878.709026791454,42918.84722221707,0.0,4959.861804574386,1197.9934340140048,1200.0,56598.575250129026,43942.9501545054,-1243.7556258444363,13899.38072146806,3579.6101444444457,1200.000000000001
2025-10-16,53263.78481476566,43567.8863145684,0.0,9695.89850019726,2222.9724499593026,1200.0,52723.35973156632,43296.374075957516,1900.5822689004672,7526.403386708338,1922.0624638888908,1200.0,51193.52877152781,41078.23582756234,0.0,10115.292943965469,2305.035927332698,1200.0,49779.9298001321,40369.50170472222,1884.0247087015434,7526.403386708332,1922.0624638888885,1200.0000000000005
2025-10-17,14308.443228663824,13820.425338714816,0.0,488.0178899490074,219.29390817625688,1200.0,17356.01267864787,10190.02114943,1256.6600773006153,5909.331451917252,1600.752467237234,1199.9999999999986,15131.482569773432,14643.464679824425,0.0,488.01788994900727,219.29390817625682,1200.0,17948.285749364968,10783.559358950832,1255.3949384968819,5909.331451917254,1600.7524672372358,1199.9999999999907
2025-10-18,16124.827644492803,14846.526140844706,0.0,1278.3015036480979,481.45852833656215,1200.0,18555.05119811997,13428.18394807785,-105.86112696160112,5232.728377003721,1806.2170248650593,1199.999999999997,17781.01894840874,16557.47887698015,0.0,1223.5400714285893,454.3317336346435,1200.0,17956.97818310654,12833.398973569445,-109.14916746661461,5232.728377003711,1806.2170248650564,1200.0
2025-10-19,56383.93329758249,45838.824419403114,0.0,10545.108878179373,2375.1166860535072,1200.0,55810.834603643554,45233.97890535373,-404.6937972323342,10981.549495522158,2553.6351300628457,1200.0,52776.75295415458,42354.430870616874,0.0,10422.322083537705,2352.9209693868406,1200.0,54682.19970249687,44119.292213511464,-418.6420065367464,10981.549495522157,2553.635130062845,1200.0
2025-10-20,52117.21588310336,44903.932416028314,0.0,7213.283467075046,1908.3277545191772,1200.0,53206.78791434021,46479.52363178861,-1396.843233358796,8124.107515910401,1924.015146891099,1200.0000000000002,52423.10250280313,45655.01138446142,0.0,6768.09111834171,1825.9270711858433,1200.0,53911.54722302656,47188.015055810014,-1400.575348693848,8124.107515910395,1924.0151468910979,1200.0000000000002
2025-10-21,53188.05339130229,47571.113694566506,0.0,5616.93969673578,1542.2745992428258,1200.0,52260.53335392788,45843.16421669406,432.67462855782316,5984.694508675994,1415.1367213627025,1200.0,53068.29035117029,47454.75492084514,0.0,5613.535430325153,1542.2745992428263,1200.0,51815.044223603356,45363.18069878116,467.16901614620775,5984.6945086759915,1415.1367213627013,1199.9999999999998
2025-10-22,57028.19569373496,47564.66120342839,0.0,9463.53449030657,1857.2902676282333,1200.0,54917.97260212463,43866.14003861087,2373.1763654406845,8678.656198073073,1989.5821871376615,1200.0000000000005,55633.3998960333,46903.44346353093,0.0,8729.956432502371,1730.5010678322662,1200.0,54273.46032099496,43228.82315928305,2365.980963638836,8678.656198073071,1989.5821871376615,1200.0000000000005
2025-10-23,49814.79605821266,48126.70473530433,0.0,1688.0913229083335,478.23944999999947,1200.0,59290.94109826186,50910.470713494324,-2747.561771360713,11128.032156128244,2794.028814230941,1200.0000000000011,47485.84820663722,45865.30440197889,0.0,1620.5438046583333,463.8693999999996,1200.0,58022.01517736273,49736.53791692747,-2842.5548956929792,11128.032156128244,2794.0288142309405,1200.0
2025-10-24,14853.564959493635,13490.786334368637,0.0,1362.7786251249986,401.37049999999954,1200.0,17183.089741662105,10900.736082435831,449.33607180892074,5833.017587417353,1706.463344720131,1200.0000000000007,17995.706497491166,16651.737124066167,0.0,1343.969373424999,395.24234999999976,1200.0,18841.626523734238,12509.645975468771,450.6970179432424,5881.283530322223,1719.1614550893482,1199.9999999999993
2025-10-25,17783.388552609325,16366.384055434317,0.0,1417.004497175009,489.0374333333357,1200.0,20084.154867439865,13554.408443699736,479.9525280270212,6049.793895713108,1892.1444978610766,1200.0,16738.241818133967,15779.9741964673,0.0,958.2676216666684,326.4745166666673,1200.0,19529.319851870016,13036.71772605586,476.8246091323055,6015.777516681852,1883.556085427411,1200.0000000000005
2025-10-26,50923.7584590852,49606.49327988263,0.0,1317.2651792025752,457.01955028902614,1200.0,57494.50232586758,47388.431528764195,-630.2011143261476,10736.271911429532,2805.912895812051,1200.0000000000002,48997.25299449078,47761.95097632987,0.0,1235.3020181609081,442.17996695569286,1200.0,56523.1797463559,46545.16438573196,-758.2565508055893,10736.271911429534,2805.912895812052,1200.0000000000002
2025-10-27,53049.21289191549,51193.62666749049,0.0,1855.5862244250047,451.90481666666756,1200.0,53235.475140483846,44161.422221502355,3841.8365615119033,5232.216357469589,1238.6495925193349,1200.0000000000007,50584.51074262613,48747.72446521187,0.0,1836.7862774142664,444.86909591067814,1200.0,50578.33008029216,41495.70404662471,3850.4096761978585,5232.21635746959,1238.649592519335,1200.0000000000014
2025-10-28,52446.94298867524,51515.00505025024,0.0,931.9379384249987,257.6392833333331,1200.0,53182.933239658385,42824.99295321113,3876.2905577123065,6481.649728734948,1646.3945883764427,1200.000000000004,51708.72717491659,50829.45053240826,0.0,879.2766425083335,246.0686166666668,1200.0,52416.43980217629,42103.885290106235,3830.9047833351037,6481.6497287349475,1646.3945883764422,1200.000000000001
2025-10-29,54153.67120386807,52093.561747679356,0.0,2060.1094561887157,668.4163500932996,1200.0,55592.67920793791,49132.684166741485,909.8491266760068,5550.145914520411,1330.7124007535176,1200.0,54715.7083401595,52681.19760962079,0.0,2034.5107305387155,664.3704000932995,1200.0,56095.89972195752,49774.76776562063,770.9860418164772,5550.145914520412,1330.7124007535178,1200.0000000000002
2025-10-30,51202.77020088036,49576.517018513696,0.0,1626.2531823666623,394.0047999999988,1200.0,56987.68748672597,42659.41743277919,2582.5203304924516,11745.749723454324,2866.014988884269,1200.0,48778.07463868802,47158.22365072136,0.0,1619.8509879666628,393.8399333333325,1200.0,55831.55265579811,41503.84590312622,2581.957029217572,11745.749723454323,2866.0149888842684,1199.9999999999995
2025-10-31,15737.125241492602,14541.410252022572,0.0,1195.714989470031,634.4743849013066,1200.0,17912.470356423713,12732.465465618949,-155.82703033270127,5335.831921137467,1573.7569556082603,1200.0000000000002,17317.350127740257,16398.46041757856,0.0,918.8897101616976,465.3604182346397,1200.0,18699.926283036602,13521.857082881841,-157.7627209825561,5335.831921137319,1573.7569556081592,1200.0
2025-11-01,16941.109348684862,16342.477086805171,0.0,598.6322618796918,268.35060531360324,1200.0,19525.836507394644,14010.048902356324,582.9419550708368,4932.845649967484,1625.2607274322006,1199.9999999999982,17954.15709037919,17361.111990032834,0.0,593.0451003463584,265.6669053136032,1200.0,18570.17554427655,13057.55417414935,581.7777588005791,4930.84361132662,1625.2607274322004,1199.9999999999982
2025-11-02,53005.18019218972,50238.007546562614,0.0,2767.1726456271044,613.6625369727726,1200.0,57745.34752211963,47122.30485924495,3133.5384809851853,7489.504181889493,1700.6458135486796,1200.0,51766.6386518894,48980.69738261928,0.0,2785.9412692701217,617.539785351001,1200.0,58882.2365478336,48320.02309757482,3072.7092683692904,7489.504181889486,1700.6458135486782,1200.0
2025-11-03,61257.521404254934,51547.05486715904,0.0,9710.466537095894,2912.9318986764993,1200.0,57577.485496340334,51269.8282876837,-1272.701326160276,7580.358534816913,1819.1393036087356,1200.0000000000005,59456.410336660374,50364.48989443948,0.0,9091.920442220895,2788.388565343166,1200.0,56648.65604315189,50270.43448395434,-1202.1369756193635,7580.358534816914,1819.1393036087354,1200.0000000000005
2025-11-04,53515.03590828923,51848.48817072243,0.0,1666.5477375668058,451.0309850890409,1200.0,56505.85584246619,45638.08060736431,2064.754149381611,8803.02108572027,1978.8876580464482,1200.0000000000005,52212.55438725855,50454.679909575076,0.0,1757.8744776834717,472.09715175570733,1200.0,54113.409196889785,43269.181329384635,2041.2067817848767,8803.02108572027,1978.8876580464485,1200.0000000000005
2025-11-05,58020.92990435096,56285.943612213094,0.0,1734.9862921378694,457.4376184389903,1200.0,61401.80922032338,53667.3798822493,-869.196473335351,8603.625811409434,2174.1401308542513,1200.0000000000011,56441.993114267214,54707.00682212935,0.0,1734.9862921378694,457.4376184389903,1200.0,61315.8201969245,53570.18264362255,-857.9882581074888,8603.625811409434,2174.1401308542513,1200.0
2025-11-06,62734.96175159968,51396.20238341904,0.0,11338.759368180641,2592.755237122906,1200.0,60030.857812043905,48794.288196886686,2707.664581940518,8528.905033216703,2002.881085627185,1199.9999999999982,61255.23281022806,50662.69432047307,0.0,10592.538489754985,2458.0506854424834,1200.0,58761.04609147104,47570.42419229873,2661.716865955613,8528.905033216703,2002.8810856271848,1200.0
2025-11-07,16678.106724104666,15697.57189188984,0.0,980.5348322148265,313.7410392582231,1200.0,17889.744431959232,12413.090415458395,497.9840466725373,4978.6699698283,1555.704872651413,1199.9999999999743,18264.281857846145,17294.23899236465,0.0,970.0428654814928,311.17827259155627,1200.0,19195.93542615258,13646.062079406944,500.96369445295767,5048.909652292681,1605.8223770855057,1200.000000000001
2025-11-08,18102.168954547575,17532.46521460326,0.0,569.7037399443153,223.48749176619032,1200.0,19749.108541807316,14656.374401335634,964.2019693501725,4128.532171121511,1233.2981738191743,1200.0,18121.79720189668,17643.732382381113,0.0,478.06481951556674,183.84161476236665,1200.0,18634.09510016413,13175.060691228804,955.3087487558224,4503.725660179505,1331.0844777905431,1200.0
2025-11-09,56382.51142867142,54641.33060838218,0.0,1741.1808202892412,471.2104603387402,1200.0,58532.113294449686,50693.508453196366,815.5551075437186,7023.049733709599,1770.3510163173396,1200.0,55063.47853046991,53322.29771018067,0.0,1741.1808202892407,471.21046033874006,1200.0,59004.98987048511,51158.44988314489,823.4902536306163,7023.0497337095985,1770.3510163173394,1200.0000000000002
2025-11-10,60390.2456029147,56566.07995802304,0.0,3824.1656448916633,721.7429333333324,1200.0,62331.59447891906,52384.056324317164,3265.2682174340703,6682.269937167825,1526.6480592866824,1200.0000000000005,59403.43849768427,55790.05355837594,0.0,3613.384939308331,687.287566666666,1200.0,61701.174748478785,51797.958989108156,3220.9458222028034,6682.2699371678245,1526.648059286682,1199.9999999999998
2025-11-11,54653.19009989429,51822.02397057092,0.0,2831.166129323369,680.8158167256051,1200.0,57441.20300112679,51254.733597030754,-1116.3807540318278,7302.850158127867,1651.1491487072665,1200.000000000001,55255.826722579455,52563.60363642077,0.0,2692.223086158684,655.2964874848769,1200.0,58145.804677399254,51987.76626253846,-1144.8117432670797,7302.850158127867,1651.1491487072667,1200.0
2025-11-12,58477.651461069385,56792.33696560272,0.0,1685.3144954666654,342.6109166666665,1200.0,62199.7800447808,51860.18820256487,3021.152439749721,7318.439402466211,1513.870920921105,1200.0,58085.52165039023,56509.07905305689,0.0,1576.4425973333327,325.8819833333332,1200.0,61790.92403885499,51480.27608430878,2992.2085520799965,7318.439402466208,1513.870920921104,1200.0
2025-11-13,59213.02145836109,57363.05578723032,0.0,1849.965671130772,425.39951821291424,1200.0,61398.12082942565,48860.17482168981,3259.8830015177355,9278.063006218104,2207.0147736701892,1200.0000000000005,56138.643567040985,54457.30237741598,0.0,1681.341189625004,395.93720000000076,1200.0,60429.17060888991,47882.58884887949,3268.5187537923102,9278.063006218104,2207.01477367019,1200.0000000000011
2025-11-14,18745.339229084468,17019.11287185113,0.0,1726.2263572333343,724.9498500000002,1200.0,20850.238706515436,14436.25290298579,1769.7797283763664,4644.206075153279,1519.794638480689,1199.9999999999998,19920.61818329606,18339.261751312726,0.0,1581.3564319833338,636.5043333333333,1200.0,21067.071922023664,14528.156662868916,1767.9103921523017,4771.004867002448,1552.1124138978348,1200.000000000001
2025-11-15,17638.35826629518,16871.46175791128,0.0,766.8965083839023,301.62266187896705,1200.0,20263.826039608335,14737.247060851554,-104.78439284679109,5631.363371603571,1752.2061010163131,1199.9999999999995,18626.390214295272,17910.254233378164,0.0,716.1359809171081,274.6006363538304,1200.0,19434.211152080454,14045.625405975834,-89.71374165073935,5478.299487755361,1719.60758548923,1199.9999999999975
2025-11-16,62812.03977053651,58693.38401679286,0.0,4118.655753743655,991.0951649331732,1200.0,63802.45944945361,52537.59829201312,4071.1344120318645,7193.726745408616,1739.5285849153788,1200.000000000001,60213.807190738335,56278.17179006334,0.0,3935.635400675,957.2780999999998,1200.0,62864.66378704785,51573.466889284624,4097.470152354604,7193.726745408627,1739.528584915381,1200.0000000000005
2025-11-17,61486.83063971014,60809.15677719348,0.0,677.673862516664,222.03324999999938,1200.0,62804.90228267941,50474.985799765826,7371.095566784261,4958.820916129318,1264.6254331408213,1200.0000000000018,59021.97808001327,58346.18074787161,0.0,675.7973321416644,221.29749999999956,1200.0,61209.95620985997,48864.660917202425,7386.474376528225,4958.820916129318,1264.6254331408218,1200.0000000000005
2025-11-18,59750.37559734115,57152.51180111019,0.0,2597.863796230964,755.1377876396571,1200.0,62954.72765382266,50798.94756026103,3140.6237378941823,9015.156355667441,2182.52528816723,1199.9999999999986,61280.6860417089,58807.910568028776,0.0,2472.775473680125,733.3689429397225,1200.0,62535.39476131527,50629.75674023213,2890.4816654156953,9015.156355667441,2182.52528816723,1199.9999999999993
2025-11-19,63738.483590149845,60197.55283380631,0.0,3540.930756343533,902.9198508852054,1200.0,66396.95627813214,53227.81983645018,7577.029522259341,5592.1069194226275,1439.4924842109854,1200.000000000001,61126.38522446139,57900.70845725952,0.0,3225.6767672018696,842.4464342185394,1200.0,65376.71083322389,52145.72924336423,7638.874670437041,5592.106919422625,1439.4924842109845,1200.000000000001
2025-11-20,59633.85579185449,58276.40753621282,0.0,1357.4482556416665,391.3354833333335,1200.0,61395.62662022154,50539.316850168536,3789.349319299317,7066.960450753685,1640.3971363052124,1200.0000000000005,58660.80037166001,57251.86498935167,0.0,1408.9353823083331,399.6238166666668,1200.0,61916.28554663779,51014.636043860344,3834.689052023759,7066.960450753685,1640.3971363052124,1200.0000000000002
2025-11-21,19460.137399249485,18797.193518926244,0.0,662.9438803232397,347.6546491694727,1200.0,19085.473885033905,14449.145304944672,576.9464951930386,4059.382084896196,1471.9470746884213,1200.0,20146.357499064838,19457.36297074993,0.0,688.9945283149061,358.3071325028059,1200.0,18728.100705511762,14110.818522836526,576.9836034858113,4040.2985791894275,1460.0602536427432,1200.0
2025-11-22,18180.17203155584,17704.71917170367,0.0,475.4528598521729,205.078300510904,1200.0,19517.831864122352,15244.480872081613,-96.92485622006423,4370.275848260804,1336.5798048644908,1200.0,20133.39731097407,19704.7100394074,0.0,428.6872715666675,180.4960833333335,1200.0,18870.06070860115,14569.902265367935,-70.11740502758894,4370.275848260804,1336.5798048644913,1200.0
2025-11-23,63045.81958616942,61925.07926144198,0.0,1120.740324727438,279.7778425106224,1200.0,64654.136856870675,53739.057307254996,5223.861398534088,5691.218151081594,1364.664982942488,1199.9999999999995,60852.66163190048,59739.49183089805,0.0,1113.1698010024372,278.599459177289,1200.0,64877.73110527638,53958.9052888045,5227.607665390292,5691.2181510815935,1364.6649829424878,1200.0
2025-11-24,61821.56344051386,59867.779514122194,0.0,1953.7839263916694,524.8905166666672,1200.0,63422.075031937595,51102.71650668287,2840.3494656206167,9479.009059634107,2316.9477335281817,1199.9999999999989,59284.39422176168,57401.20064772001,0.0,1883.1935740416689,514.177683333334,1200.0,61366.56105467559,49053.1340985703,2834.417896471187,9479.009059634102,2316.9477335281804,1199.9999999999998
2025-11-25,60385.18697346137,58861.380537178906,0.0,1523.806436282467,437.75933702895634,1200.0,61699.87139034177,58480.04664962639,-2426.628647052156,5646.453387767531,1476.746148980606,1200.0000000000002,62588.49606439998,61227.440027963356,0.0,1361.0560364366215,411.5837554761066,1200.0,63592.811520717594,60356.05572754333,-2409.6975945932663,5646.453387767529,1476.7461489806055,1200.000000000001
2025-11-26,66011.14242895828,64122.43290371744,0.0,1888.7095252408344,546.7757078406548,1200.0,66094.38708720093,58755.44908517944,1589.0234318176842,5749.914570203809,1262.3893574887875,1200.0,62810.66116623624,60980.40774386207,0.0,1830.2534223741702,536.0853911739889,1200.0,63157.0357032257,55828.53252384394,1578.5886091779555,5749.914570203809,1262.389357488787,1200.0
2025-11-27,62342.111871523244,61263.58372406491,0.0,1078.5281474583344,269.7080166666666,1200.0,62741.41882245318,53862.753989568846,3123.69935627881,5754.965476605528,1288.1907721147911,1200.0000000000011,60975.56793182908,59897.03978437075,0.0,1078.528147458334,269.7080166666665,1200.0,63734.13401429102,54752.29732501504,3226.8712126704413,5754.965476605536,1288.1907721147932,1200.0
2025-11-28,19418.69358711439,18874.43462653106,0.0,544.2589605833318,216.77633333333284,1200.0,21037.274715901567,14614.120477129229,260.366138309302,6162.788100463035,1719.6603810621332,1200.0000000000005,19713.29362260122,19307.07714785122,0.0,406.2164747499996,158.83049999999986,1200.0,19631.705646803428,13242.209071189352,244.00097407549757,6145.495601538576,1716.528722728981,1200.0000000000005
2025-11-29,20556.53678351455,17980.866364489557,0.0,2575.670419024996,1148.8159666666652,1200.0,20683.368732145726,17420.697906746558,-316.5046100949286,3579.175435494096,1126.7116305858694,1200.000000000001,23106.287392055627,20375.63830140563,0.0,2730.6490906499967,1172.217666666665,1200.0,20750.67570371082,17939.227314480242,-129.836723436139,2941.2851126667147,966.6780016100616,1200.000000000001
2025-11-30,72798.54098757645,64257.337658968114,0.0,8541.203328608328,2039.7385833333324,1200.0,70888.91371289984,59380.441653753165,4444.310327411821,7064.161731734859,1553.6585505723829,1200.0,69573.33662306011,61545.94174549695,0.0,8027.394877563151,1948.5896686498147,1200.0,68748.85822567483,57272.02385785098,4412.672636089,7064.161731734854,1553.658550572382,1199.9999999999995
2025-12-01,83977.57869879153,66233.44922172568,0.0,17744.12947706585,3887.6859344194854,1200.0,89849.36862742968,63236.483460076386,2648.4926425918725,23964.392524761424,5568.240559190699,1200.0000000000005,82066.70199678172,64497.599165828724,0.0,17569.102830952997,3861.7783965359185,1200.0,90906.72246786025,64530.62721917106,2411.7027239277654,23964.39252476142,5568.240559190699,1199.999999999999
2025-12-02,100538.78604584961,63523.216462917975,0.0,37015.56958293164,8347.376754165687,1200.0,90397.07086238821,66485.59151824581,2442.5984175801723,21468.880926562226,4867.069415251406,1199.9999999999995,99936.62940753135,63125.68291774903,0.0,36810.94648978232,8321.26256464083,1200.0,88632.98228041123,64873.57809943824,2290.523254410768,21468.880926562226,4867.069415251408,1200.0000000000016
2025-12-03,78701.8554166047,75115.56404594527,0.0,3586.2913706594336,998.1628164015226,1200.0,86830.6536126307,58361.740855576536,16099.919114778204,12368.993642275964,3668.2019237405193,1200.0,78661.04049001067,75181.64692431374,0.0,3479.393565696921,980.3768116803401,1200.0,86325.20327656511,57950.38833377268,16005.82130051646,12368.993642275964,3668.201923740519,1200.0000000000002
2025-12-04,81341.90384223906,73498.27951146336,0.0,7843.624330775696,1672.047393640522,1200.0,89454.47254116798,65475.013323300824,6591.601730838801,17387.857487028363,4480.274861083979,1200.0,75261.32284614794,67768.75511879666,0.0,7492.567727351283,1630.396849166761,1200.0,87773.2847075695,64356.54991449802,6028.877306043118,17387.857487028363,4480.274861083979,1200.0000000000014
2025-12-05,26103.324814852684,25240.99770149097,0.0,862.3271133617142,367.22791070844187,1200.0,29952.660678918142,16804.01974990978,5379.451818963569,7769.189110044794,3018.3506677220876,1200.0000000000002,28655.100970614294,27831.952856092248,0.0,823.148114522047,357.8884592567931,1200.0,29345.701387244193,16429.440304099488,5147.0719730999135,7769.189110044794,3018.3506677220876,1199.9999999999998
2025-12-06,27338.4522774354,25781.305100459656,0.0,1557.147176975743,511.13624654483664,1200.0,33247.86778660205,18158.877256517124,4573.001571973372,10515.988958111557,3742.239242364315,1200.0000000000005,28615.219816640412,27191.122702521174,0.0,1424.0971141192392,475.17748656909856,1200.0,32517.729006428446,17302.736668582344,4699.003379734545,10515.988958111557,3742.239242364316,1200.0000000000005
2025-12-07,78900.75336619091,77364.2913415467,0.0,1536.4620246442105,379.12018102324055,1200.0,88776.3184865707,67415.0693362724,4438.675084592881,16922.574065705423,4546.1090089709005,1199.9999999999998,76344.27528625051,74807.81326160631,0.0,1536.4620246442105,379.12018102324055,1200.0,86362.77350189585,65512.58381409376,3927.615622096658,16922.574065705427,4546.109008970901,1199.9999999999998
2025-12-08,84364.8124681684,84177.51810742609,0.0,187.2943607423008,45.00827066100078,1200.0,78947.55137526695,73057.0327927874,556.6865274613883,5333.832055018165,1129.6111836214677,1199.9999999999989,83150.7163869432,82963.42202620089,0.0,187.2943607423008,45.00827066100078,1200.0,80332.38629904496,74443.72912425594,554.8251197708461,5333.832055018165,1129.611183621468,1200.0
2025-12-09,83256.64140227411,83256.64140227411,0.0,0.0,0.0,1200.0,77390.66170767951,69944.63914667029,-448.2717341409385,7894.294295150159,1557.1679715984092,1199.9999999999998,85093.50620838709,85093.50620838709,0.0,0.0,0.0,1200.0,77760.95601489523,70377.45189225207,-510.7901725070041,7894.29429515016,1557.1679715984092,1200.000000000001
2025-12-10,82544.16686885596,82422.11733414727,0.0,122.04953470868212,24.22973846542095,1200.0,81498.17384388976,68855.08317286507,4386.832915170068,8256.257755854625,1663.6045995940326,1200.0000000000018,79698.60057240863,79576.55103769994,0.0,122.04953470868212,24.22973846542095,1200.0,79577.32984274068,66906.05887926002,4415.013207626033,8256.257755854629,1663.6045995940333,1200.0000000000018
2025-12-11,79706.83332950511,79621.07664653704,0.0,85.75668296806735,34.99647807517522,1200.0,76131.3706597522,70118.90591679158,-1471.3921984866445,7483.856941447257,1556.2268780691966,1200.0000000000007,77614.81253812501,77529.05585515694,0.0,85.75668296806735,34.99647807517522,1200.0,75245.36591519912,69234.24919141048,-1472.74021765864,7483.856941447272,1556.2268780691998,1200.0000000000005
2025-12-12,30013.898994324052,29503.423134047036,0.0,510.47586027701595,214.32057052729368,1200.0,31731.38711098107,21266.91871194783,2730.4695714212935,7733.9988276119475,1919.1416620704006,1200.000000000001,31408.972310048164,30898.496449771148,0.0,510.4758602770156,214.3205705272935,1200.0,30752.722937497478,20267.139192785624,2751.584917099907,7733.998827611948,1919.1416620704013,1200.000000000001
2025-12-13,30844.53151223601,30844.53151223601,0.0,0.0,0.0,1200.0,27605.5370950167,20963.005831469167,1301.5940823490616,5340.937181198474,1280.8501048502526,1200.0000000000014,32945.67405743965,32945.67405743965,0.0,0.0,0.0,1200.0,28885.851627192344,22207.59543259913,1337.319013394738,5340.937181198473,1280.8501048502524,1200.000000000002
2025-12-14,80935.2523169697,80569.39552642609,0.0,365.85679054360315,69.06848924528151,1200.0,82225.39882726733,67456.5973405017,4791.790825983833,9977.010660781802,1823.7755473651964,1199.9999999999993,79158.93162553146,78793.07483498786,0.0,365.85679054360315,69.06848924528151,1200.0,81569.6316559183,66816.61340352666,4776.007591609848,9977.010660781805,1823.7755473651969,1199.9999999999993
2025-12-15,81616.35803037576,81528.77656395866,0.0,87.5814664171106,25.57673490291154,1200.0,82043.74275341668,67111.58454004413,7638.078850343969,7294.079363028584,1493.270816398162,1200.0,80033.90135426451,79946.3198878474,0.0,87.5814664171106,25.57673490291154,1200.0,80872.39703671596,65951.85781614405,7626.459857543325,7294.079363028586,1493.270816398162,1200.0
2025-12-16,80710.66979075514,79663.54056090282,0.0,1047.1292298523113,256.4494450202122,1200.0,78510.19567607829,71724.86336306222,2238.4124097903837,4546.919903225693,1174.748219525563,1200.000000000001,81045.03557902438,79997.90634917206,0.0,1047.1292298523113,256.4494450202122,1200.0,78413.39191971815,71632.63926038732,2233.8327561051346,4546.919903225692,1174.748219525563,1200.0000000000002
2025-12-17,79279.06428649546,76975.9095001079,0.0,2303.1547863875576,498.42424106044973,1200.0,79144.60022804304,70606.2004607482,-1170.763692698694,9709.16345999354,1993.5793597950633,1200.0000000000005,79685.7606111757,77382.60582478814,0.0,2303.1547863875576,498.42424106044984,1200.0,80288.80651016686,71735.43803704093,-1155.7949868676092,9709.16345999354,1993.5793597950633,1200.000000000001
2025-12-18,77795.70325040046,73787.23466412205,0.0,4008.4685862784145,1083.6290755520727,1200.0,78123.73839896279,66830.83486079113,4396.863737036795,6896.039801134861,1721.9561850650284,1199.9999999999995,74258.62776992697,70278.60627356522,0.0,3980.021496361748,1072.9044422187394,1200.0,76378.21302231493,65069.758510921994,4412.414710258077,6896.039801134861,1721.9561850650284,1200.0
2025-12-19,28724.361409255507,28620.19182514106,0.0,104.16958411444742,51.447799585796474,1200.0,29641.03213626385,19056.776023028557,2633.7110919391775,7950.545021296114,2204.927820641854,1200.0000000000011,31119.339877135288,31018.71237552084,0.0,100.62750161444752,50.02613291912985,1200.0,30393.45030263644,19794.134401853116,2648.7708794872074,7950.545021296113,2204.927820641854,1200.0000000000007
2025-12-20,28965.12203320776,28852.139906977813,0.0,112.982126229948,60.56680167881552,1200.0,27946.266673444232,21999.515740315874,243.65100351895617,5703.099929609401,1637.6308501808937,1199.9999999999998,29288.357432288616,29175.375306058668,0.0,112.98212622994768,60.56680167881535,1200.0,27098.52743156496,21239.36705657292,156.06044538263933,5703.099929609402,1637.6308501808944,1200.0000000000005
2025-12-21,78821.58777726858,74431.44646224915,0.0,4390.141315019429,1037.3097132383318,1200.0,80925.20750857246,70086.70265471013,1196.7765268272713,9641.728327035058,2214.581379516088,1199.9999999999964,77056.75016861828,72666.60885359885,0.0,4390.141315019429,1037.3097132383323,1200.0,80104.84663829868,69335.15165108738,1127.9666601762444,9641.72832703506,2214.5813795160884,1200.0000000000011
2025-12-22,80853.08304153927,78762.79153491734,0.0,2090.2915066219243,545.7257487402906,1200.0,80229.3998509019,68928.33108329523,2894.4020334368056,8406.666734169867,1855.9121283084164,1200.0000000000011,80739.27667449297,78648.98516787104,0.0,2090.291506621925,545.7257487402907,1200.0,79511.18338556805,68305.077405231,2799.439246167177,8406.666734169863,1855.9121283084155,1199.9999999999993
2025-12-23,78390.24215474553,77469.630955173,0.0,920.6111995725298,289.8793078310541,1200.0,77101.16264824526,70858.5365533988,-528.8213024936312,6771.447397340095,1518.441133171538,1200.000000000001,77650.45002240283,76790.8192716571,0.0,859.6307507457282,267.4228729841377,1200.0,77279.45409130843,71031.03033751191,-523.023643543576,6771.447397340108,1518.4411331715405,1200.000000000001
2025-12-24,79893.31557183614,72468.0041550791,0.0,7425.311416757029,1704.8462127160683,1200.0,78672.90288423757,70062.82524369605,13.120757680023516,8596.956882861507,1796.308150580386,1200.000000000001,78426.35900540561,71144.77061262359,0.0,7281.588392782027,1682.4722293827344,1200.0,77194.54856505898,68585.832533143,11.759149054486755,8596.956882861497,1796.3081505803846,1200.000000000001
2025-12-25,78320.67078992086,72553.28911542692,0.0,5767.381674493936,1409.7289508379909,1200.0,79413.23850747367,64535.11571123178,3799.6782021930608,11078.444594048819,2310.05409759996,1200.0,77772.18177365864,72024.05686299354,0.0,5748.124910665092,1403.0983785532353,1200.0,80550.64210113158,65670.91581058795,3801.2816964948274,11078.444594048813,2310.0540975999593,1200.000000000001
2025-12-26,28032.250293588346,27052.27352759044,0.0,979.9767659979055,387.012199652359,1200.0,28093.87946933768,20659.883105057153,1390.8404179059048,6043.155946374624,1756.777110709715,1199.9999999999977,28530.20736134769,27550.230595349785,0.0,979.976765997905,387.01219965235873,1200.0,27583.44307062379,20188.256509391926,1352.0306148572402,6043.155946374625,1756.7771107097155,1199.9999999999995
2025-12-27,28170.42520638445,27042.44875451483,0.0,1127.9764518696206,343.7482621941133,1200.0,28126.50146679025,20948.97007359205,796.1631480355038,6381.368245162701,1813.3911241519272,1199.9999999999995,28769.07533936727,27703.371775460473,0.0,1065.7035639067976,326.8394655824542,1200.0,26707.71879397512,19474.546381483768,851.8041673286481,6381.368245162702,1813.3911241519277,1200.0000000000014
2025-12-28,77929.38302095975,73023.88862395886,0.0,4905.494397000895,1129.9463046039082,1200.0,76134.08615929938,67426.0185546224,103.49156832617864,8604.576036350805,1955.6217704559604,1200.0,77504.1932205542,72608.8302199283,0.0,4895.3630006258945,1126.1310546039076,1200.0,77627.16439173529,68905.31087460753,117.27748077696202,8604.576036350805,1955.6217704559608,1200.0000000000005
2025-12-29,76761.24754038066,72953.25175349152,0.0,3807.9957868891415,1085.1776328071232,1200.0,75365.3010370716,67132.84419565336,3631.130418226796,4601.3264231914345,1099.9556499725636,1200.0000000000018,75871.6550907963,72063.65930390716,0.0,3807.9957868891406,1085.1776328071232,1200.0,74664.33033338751,66372.16220172837,3690.8417084677044,4601.3264231914345,1099.955649972564,1200.0
2025-12-30,76857.03182758328,71881.25980552098,0.0,4975.772022062302,1307.7432878041222,1200.0,79155.70370590509,67739.77138125805,678.7680068506361,10737.164317796409,2362.267386241656,1200.0,76149.55459556362,71236.55557774298,0.0,4912.999017820637,1294.6026044707892,1200.0,78604.26587664895,67181.54566607927,685.5558927732723,10737.164317796407,2362.2673862416555,1200.0
2025-12-31,79780.16766527315,73047.28981678832,0.0,6732.877848484831,1875.549441003956,1200.0,78493.20194710034,70050.87026261805,513.6719699517588,7928.659714530539,1812.6589904526313,1200.0000000000007,78430.48727650747,71697.60942802264,0.0,6732.87784848483,1875.549441003956,1200.0,76794.99138753799,68353.26040447305,513.0712685343935,7928.65971453054,1812.658990452632,1200.0000000000007
